HBO1,HHB1,CCO1,HBO2,HHB2,CCO2,d1,a1,a2,b1,b2,ID
13.567930884272938,4.613344235974162,1.2684621041233577,32.995154916536094,27.942150152598728,6.864388562737027,13,4.070523157384197,2.724440485496049,0.8035158719337008,2.4179921474506365,5001
6.067930884272937,9.61334423597416,0.5184621041233575,47.995154916536094,17.942150152598728,11.864388562737027,13,1.0705231573841973,1.1744404854960488,2.003515871933701,0.9179921474506365,5002
9.817930884272936,12.11334423597416,0.8934621041233575,40.495154916536094,32.94215015259873,4.364388562737027,13,5.570523157384197,3.499440485496049,1.4035158719337009,3.1679921474506365,5003
17.31793088427294,7.113344235974162,0.14346210412335747,25.495154916536098,22.942150152598728,9.364388562737027,13,2.570523157384197,1.9494404854960488,0.20351587193370085,1.6679921474506365,5004
15.442930884272938,3.3633442359741617,0.7059621041233575,29.245154916536098,30.442150152598728,10.614388562737027,13,3.3205231573841965,3.886940485496049,0.5035158719337008,2.7929921474506365,5005
7.942930884272937,8.36334423597416,1.4559621041233577,44.245154916536094,20.442150152598728,5.614388562737027,13,6.320523157384197,2.336940485496049,1.7035158719337011,1.2929921474506365,5006
19.19293088427294,5.863344235974162,0.33096210412335747,36.745154916536094,25.442150152598728,3.1143885627370276,13,4.820523157384197,1.5619404854960488,1.1035158719337008,2.0429921474506365,5007
11.692930884272936,10.86334423597416,1.0809621041233575,51.745154916536094,15.442150152598728,8.114388562737027,13,1.820523157384197,3.111940485496049,2.303515871933701,0.5429921474506365,5008
12.161680884272936,6.175844235974162,0.47158710412335747,26.432654916536098,31.06715015259873,5.926888562737027,13,6.508023157384197,2.240065485496049,2.228515871933701,1.0117421474506365,5009
19.66168088427294,11.17584423597416,1.2215871041233577,41.432654916536094,21.067150152598728,10.926888562737027,13,3.5080231573841965,3.7900654854960494,1.0285158719337009,2.5117421474506365,5010
8.411680884272936,3.6758442359741617,0.09658710412335747,48.932654916536094,26.067150152598728,8.426888562737027,13,2.008023157384197,3.0150654854960486,1.6285158719337012,3.2617421474506365,5011
15.911680884272938,8.67584423597416,0.8465871041233575,33.932654916536094,16.067150152598728,3.4268885627370276,13,5.008023157384197,1.4650654854960488,0.4285158719337009,1.7617421474506365,5012
17.78668088427294,12.42584423597416,1.4090871041233577,52.682654916536094,23.567150152598728,2.1768885627370276,13,5.758023157384197,4.177565485496049,0.12851587193370087,0.6367421474506365,5013
10.286680884272936,7.425844235974162,0.6590871041233575,37.682654916536094,33.56715015259873,7.176888562737027,13,2.758023157384197,2.627565485496049,1.328515871933701,2.1367421474506365,5014
6.536680884272937,4.925844235974162,1.0340871041233575,45.182654916536094,28.567150152598728,9.676888562737027,13,1.258023157384197,1.852565485496049,1.9285158719337012,1.3867421474506365,5015
14.036680884272938,9.92584423597416,0.28408710412335747,30.182654916536098,18.56715015259873,4.676888562737027,13,4.258023157384197,3.4025654854960488,0.7285158719337008,2.8867421474506365,5016
13.099180884272938,4.300844235974162,0.7528371041233575,35.807654916536094,22.317150152598728,4.051888562737027,13,6.883023157384197,2.0463154854960486,0.27851587193370086,1.1992421474506365,5017
5.599180884272937,9.30084423597416,0.00283710412335747,50.807654916536094,32.31715015259873,9.051888562737027,13,3.8830231573841965,3.596315485496049,1.4785158719337008,2.6992421474506365,5018
9.349180884272936,6.800844235974162,1.1278371041233577,28.307654916536098,17.317150152598728,6.551888562737027,13,2.383023157384197,1.271315485496049,2.078515871933701,0.44924214745063645,5019
16.84918088427294,11.80084423597416,0.37783710412335747,43.307654916536094,27.317150152598728,11.551888562737027,13,5.383023157384197,2.821315485496049,0.8785158719337008,1.9492421474506365,5020
14.974180884272938,5.550844235974162,0.19033710412335747,39.557654916536094,34.81715015259873,2.8018885627370276,13,6.133023157384197,3.2088154854960487,2.378515871933701,0.8242421474506365,5021
7.474180884272937,10.55084423597416,0.9403371041233575,54.557654916536094,24.817150152598728,7.801888562737027,13,3.1330231573841965,1.6588154854960488,1.178515871933701,2.3242421474506365,5022
18.72418088427294,3.0508442359741617,0.5653371041233575,32.057654916536094,19.817150152598728,10.301888562737027,13,1.633023157384197,2.4338154854960488,1.778515871933701,1.5742421474506365,5023
11.224180884272936,8.05084423597416,1.3153371041233577,47.057654916536094,29.817150152598728,5.301888562737027,13,4.633023157384197,3.983815485496049,0.5785158719337008,3.0742421474506365,5024
11.458555884272936,5.394594235974162,0.8231496041233575,29.713904916536098,25.129650152598728,11.083138562737027,13,2.289273157384197,3.6447529854960488,1.7410158719337012,2.0898671474506365,5025
18.95855588427294,10.39459423597416,0.07314960412335747,44.713904916536094,15.129650152598728,6.083138562737027,13,5.289273157384197,2.094752985496049,0.5410158719337008,0.5898671474506365,5026
7.708555884272937,2.8945942359741617,1.1981496041233577,37.213904916536094,30.129650152598728,8.583138562737027,13,6.789273157384197,2.869752985496049,2.3410158719337013,2.8398671474506365,5027
15.208555884272938,7.894594235974162,0.44814960412335747,52.213904916536094,20.129650152598728,3.5831385627370267,13,3.7892731573841965,1.3197529854960488,1.141015871933701,1.3398671474506365,5028
17.08355588427294,4.144594235974162,0.26064960412335747,33.463904916536094,32.62965015259873,4.833138562737027,13,1.539273157384197,1.7072529854960488,2.041015871933701,2.4648671474506365,5029
9.583555884272936,9.14459423597416,1.0106496041233575,48.463904916536094,22.629650152598728,9.833138562737027,13,4.539273157384197,3.257252985496049,0.8410158719337009,0.9648671474506365,5030
5.833555884272937,6.644594235974162,0.6356496041233575,40.963904916536094,27.629650152598728,7.333138562737027,13,6.039273157384197,4.032252985496049,0.24101587193370086,1.7148671474506365,5031
13.333555884272938,11.64459423597416,1.3856496041233577,25.963904916536098,17.629650152598728,2.3331385627370276,13,3.0392731573841965,2.482252985496049,1.441015871933701,3.2148671474506365,5032
14.271055884272938,12.26959423597416,0.35439960412335747,50.338904916536094,33.87965015259873,2.9581385627370276,13,2.664273157384197,3.8385029854960493,1.8910158719337011,2.2773671474506365,5033
6.771055884272937,7.269594235974162,1.1043996041233577,35.338904916536094,23.879650152598728,7.958138562737027,13,5.664273157384197,2.2885029854960486,0.6910158719337008,0.7773671474506365,5034
10.521055884272936,4.769594235974162,1.4793996041233577,27.838904916536098,18.87965015259873,10.458138562737027,13,1.1642731573841973,1.513502985496049,2.491015871933701,3.0273671474506365,5035
18.02105588427294,9.76959423597416,0.7293996041233575,42.838904916536094,28.879650152598728,5.458138562737027,13,4.164273157384197,3.063502985496049,1.2910158719337008,1.5273671474506365,5036
16.14605588427294,6.019594235974162,1.2918996041233577,46.588904916536094,21.379650152598728,4.208138562737027,13,1.914273157384197,2.6760029854960488,1.591015871933701,2.6523671474506365,5037
8.646055884272936,11.01959423597416,0.5418996041233575,31.588904916536098,31.37965015259873,9.208138562737027,13,4.914273157384197,1.1260029854960487,0.3910158719337009,1.1523671474506365,5038
19.89605588427294,3.5195942359741617,0.9168996041233575,54.088904916536094,16.379650152598728,6.708138562737027,13,6.414273157384197,3.4510029854960487,2.191015871933701,1.9023671474506365,5039
12.396055884272936,8.51959423597416,0.16689960412335747,39.088904916536094,26.379650152598728,11.708138562737027,13,3.4142731573841965,1.9010029854960488,0.9910158719337008,0.40236714745063645,5040
11.927305884272936,3.8320942359741617,1.1512746041233577,40.026404916536094,19.504650152598728,9.520638562737027,13,5.101773157384197,1.2228779854960488,1.2160158719337009,1.0586171474506365,5041
19.42730588427294,8.83209423597416,0.40127460412335747,25.026404916536098,29.504650152598728,4.520638562737027,13,2.101773157384197,2.7728779854960486,2.416015871933701,2.5586171474506365,5042
8.177305884272936,6.332094235974162,0.7762746041233575,32.526404916536094,34.50465015259873,2.0206385627370276,13,3.6017731573841965,1.9978779854960487,0.6160158719337008,0.30861714745063645,5043
15.677305884272938,11.33209423597416,0.02627460412335747,47.526404916536094,24.504650152598728,7.020638562737027,13,6.601773157384197,3.547877985496049,1.8160158719337012,1.8086171474506365,5044
17.55230588427294,5.082094235974162,0.5887746041233575,36.276404916536094,17.004650152598728,8.270638562737027,13,4.351773157384197,2.385377985496049,1.516015871933701,0.6836171474506365,5045
10.052305884272936,10.08209423597416,1.3387746041233577,51.276404916536094,27.004650152598728,3.2706385627370276,13,1.351773157384197,3.935377985496049,0.31601587193370084,2.1836171474506365,5046
6.302305884272937,2.5820942359741617,0.21377460412335747,28.776404916536098,22.004650152598728,5.770638562737027,13,2.851773157384197,3.1603779854960488,0.9160158719337008,1.4336171474506365,5047
13.802305884272938,7.582094235974162,0.9637746041233575,43.776404916536094,32.00465015259873,10.770638562737027,13,5.851773157384197,1.610377985496049,2.116015871933701,2.9336171474506365,5048
12.864805884272936,6.957094235974162,0.12002460412335747,53.151404916536094,28.254650152598728,10.145638562737027,13,5.476773157384197,3.354127985496049,1.366015871933701,1.2461171474506365,5049
5.364805884272937,11.95709423597416,0.8700246041233575,38.151404916536094,18.25465015259873,5.145638562737027,13,2.476773157384197,1.8041279854960488,0.16601587193370088,2.7461171474506365,5050
9.114805884272936,4.457094235974162,0.49502460412335747,45.651404916536094,23.254650152598728,2.6456385627370276,13,3.9767731573841965,2.579127985496049,0.7660158719337008,0.49611714745063645,5051
16.61480588427294,9.45709423597416,1.2450246041233577,30.651404916536098,33.25465015259873,7.645638562737027,13,0.9767731573841975,4.12912798549605,1.966015871933701,1.9961171474506365,5052
14.739805884272938,3.2070942359741617,1.0575246041233575,26.901404916536098,25.754650152598728,6.395638562737027,13,4.726773157384197,2.1916279854960488,1.066015871933701,0.8711171474506365,5053
7.239805884272937,8.20709423597416,0.30752460412335747,41.901404916536094,15.754650152598728,11.395638562737027,13,1.726773157384197,3.741627985496049,2.266015871933701,2.3711171474506365,5054
18.48980588427294,5.707094235974162,1.4325246041233577,49.401404916536094,30.754650152598728,3.8956385627370267,13,3.2267731573841965,1.4166279854960488,0.46601587193370086,1.6211171474506365,5055
10.989805884272936,10.70709423597416,0.6825246041233575,34.401404916536094,20.754650152598728,8.895638562737027,13,6.226773157384197,2.966627985496049,1.6660158719337013,3.1211171474506365,5056
10.872618384272936,6.566469235974162,1.4676808541233577,37.917029916536094,15.285900152598728,10.848763562737027,13,1.586148157384197,3.5236592354960488,0.9347658719337009,1.5039296474506365,5057
18.37261838427294,11.56646923597416,0.7176808541233575,52.917029916536094,25.285900152598728,5.848763562737027,13,4.586148157384197,1.973659235496049,2.134765871933701,3.0039296474506365,5058
7.122618384272937,4.066469235974162,1.0926808541233575,30.417029916536098,20.285900152598728,3.3487635627370276,13,6.086148157384197,2.748659235496049,1.534765871933701,0.7539296474506365,5059
14.622618384272938,9.06646923597416,0.34268085412335747,45.417029916536094,30.285900152598728,8.348763562737027,13,3.0861481573841965,1.1986592354960488,0.3347658719337009,2.2539296474506365,5060
16.49761838427294,2.8164692359741617,0.5301808541233575,41.667029916536094,22.785900152598728,7.098763562737027,13,2.336148157384197,1.5861592354960488,0.6347658719337008,0.37892964745063645,5061
8.997618384272936,7.816469235974162,1.2801808541233577,26.667029916536098,32.78590015259873,2.0987635627370276,13,5.336148157384197,3.136159235496049,1.8347658719337012,1.8789296474506365,5062
5.247618384272937,5.316469235974162,0.15518085412335747,34.167029916536094,17.785900152598728,4.598763562737027,13,6.836148157384197,3.9111592354960494,1.234765871933701,1.1289296474506365,5063
12.747618384272936,10.31646923597416,0.9051808541233575,49.167029916536094,27.785900152598728,9.598763562737027,13,3.8361481573841965,2.361159235496049,2.4347658719337013,2.6289296474506365,5064
13.685118384272938,3.4414692359741617,0.24893085412335747,54.792029916536094,24.035900152598728,8.973763562737027,13,1.961148157384197,4.104909235496049,0.4847658719337009,1.3164296474506365,5065
6.185118384272937,8.44146923597416,0.9989308541233575,39.792029916536094,34.03590015259873,3.9737635627370267,13,4.961148157384197,2.5549092354960488,1.684765871933701,2.8164296474506365,5066
9.935118384272936,5.941469235974162,0.6239308541233575,47.292029916536094,29.035900152598728,11.473763562737027,13,6.461148157384197,1.7799092354960488,1.0847658719337008,0.5664296474506365,5067
17.43511838427294,10.94146923597416,1.3739308541233577,32.292029916536094,19.035900152598728,6.473763562737027,13,3.4611481573841965,3.3299092354960487,2.284765871933701,2.0664296474506365,5068
15.560118384272938,4.691469235974162,0.8114308541233575,51.042029916536094,31.53590015259873,7.723763562737027,13,2.711148157384197,2.942409235496049,0.7847658719337008,3.1914296474506365,5069
8.060118384272936,9.69146923597416,0.06143085412335747,36.042029916536094,21.535900152598728,2.7237635627370276,13,5.711148157384197,1.392409235496049,1.9847658719337011,1.6914296474506365,5070
19.31011838427294,12.19146923597416,1.1864308541233577,43.542029916536094,26.535900152598728,5.223763562737027,13,1.2111481573841973,3.717409235496049,1.3847658719337008,0.9414296474506365,5071
11.810118384272936,7.191469235974162,0.43643085412335747,28.542029916536098,16.535900152598728,10.223763562737027,13,4.211148157384197,2.1674092354960486,0.18476587193370086,2.4414296474506365,5072
12.278868384272936,2.5039692359741617,0.9520558541233575,35.104529916536094,29.660900152598728,2.4112635627370276,13,4.398648157384197,1.2955342354960488,0.2597658719337009,1.9726796474506365,5073
19.77886838427294,7.503969235974162,0.20205585412335747,50.104529916536094,19.660900152598728,7.411263562737027,13,1.398648157384197,2.845534235496049,1.459765871933701,0.47267964745063645,5074
8.528868384272936,5.003969235974162,1.3270558541233577,42.604529916536094,24.660900152598728,9.911263562737027,13,2.898648157384197,2.0705342354960488,2.059765871933701,2.7226796474506365,5075
16.02886838427294,10.00396923597416,0.5770558541233575,27.604529916536098,34.66090015259873,4.911263562737027,13,5.898648157384197,3.620534235496049,0.8597658719337008,1.2226796474506365,5076
17.90386838427294,6.253969235974162,0.01455585412335747,31.354529916536098,27.160900152598728,3.6612635627370267,13,5.148648157384197,2.458034235496049,2.359765871933701,3.0976796474506365,5077
10.403868384272936,11.25396923597416,0.7645558541233575,46.354529916536094,17.160900152598728,8.661263562737027,13,2.148648157384197,4.00803423549605,1.159765871933701,1.5976796474506365,5078
6.653868384272937,3.7539692359741617,0.38955585412335747,38.854529916536094,32.16090015259873,6.161263562737027,13,3.6486481573841965,3.233034235496049,1.7597658719337013,2.3476796474506365,5079
14.153868384272938,8.75396923597416,1.1395558541233577,53.854529916536094,22.160900152598728,11.161263562737027,13,6.648648157384197,1.6830342354960488,0.5597658719337009,0.8476796474506365,5080
13.216368384272938,5.628969235974162,0.6708058541233575,44.479529916536094,18.41090015259873,11.786263562737027,13,4.773648157384197,3.0392842354960488,2.209765871933701,1.7851796474506365,5081
5.716368384272937,10.62896923597416,1.4208058541233577,29.479529916536098,28.410900152598728,6.786263562737027,13,1.773648157384197,1.489284235496049,1.0097658719337008,3.2851796474506365,5082
9.466368384272936,3.1289692359741617,0.29580585412335747,51.979529916536094,33.41090015259873,9.286263562737027,13,3.2736481573841965,2.264284235496049,1.6097658719337011,2.5351796474506365,5083
16.96636838427294,8.12896923597416,1.0458058541233575,36.979529916536094,23.410900152598728,4.286263562737027,13,6.273648157384197,3.814284235496049,0.40976587193370084,1.0351796474506365,5084
15.091368384272938,4.378969235974162,1.2333058541233577,48.229529916536094,15.910900152598728,5.536263562737027,13,5.523648157384197,1.8767842354960487,0.10976587193370087,2.9101796474506365,5085
7.591368384272937,9.37896923597416,0.48330585412335747,33.229529916536094,25.910900152598728,10.536263562737027,13,2.523648157384197,3.426784235496049,1.3097658719337009,1.4101796474506365,5086
18.84136838427294,6.878969235974162,0.8583058541233575,25.729529916536098,20.910900152598728,8.036263562737027,13,4.023648157384197,1.1017842354960488,1.9097658719337012,2.1601796474506365,5087
11.341368384272936,11.87896923597416,0.10830585412335747,40.729529916536094,30.910900152598728,3.0362635627370276,13,1.0236481573841973,2.6517842354960486,0.7097658719337008,0.6601796474506365,5088
11.106993384272936,3.9102192359741617,0.5536183541233575,50.573279916536094,26.848400152598728,4.755013562737027,13,2.9923981573841965,1.5377217354960488,1.947265871933701,1.6445546474506365,5089
18.60699338427294,8.91021923597416,1.3036183541233577,35.573279916536094,16.848400152598728,9.755013562737027,13,5.992398157384197,3.087721735496049,0.7472658719337009,3.1445546474506365,5090
7.356993384272937,6.410219235974162,0.17861835412335747,43.073279916536094,31.84840015259873,7.255013562737027,13,4.492398157384197,3.862721735496049,0.14726587193370086,0.8945546474506365,5091
14.856993384272938,11.41021923597416,0.9286183541233575,28.073279916536098,21.848400152598728,2.2550135627370276,13,1.492398157384197,2.3127217354960488,1.347265871933701,2.3945546474506365,5092
16.73199338427294,5.160219235974162,1.1161183541233577,54.323279916536094,29.348400152598728,3.5050135627370276,13,3.7423981573841965,3.475221735496049,1.6472658719337012,0.5195546474506365,5093
9.231993384272936,10.16021923597416,0.36611835412335747,39.323279916536094,19.348400152598728,8.505013562737027,13,6.742398157384197,1.9252217354960488,0.4472658719337008,2.0195546474506365,5094
5.481993384272937,2.6602192359741617,0.7411183541233575,46.823279916536094,24.348400152598728,11.005013562737027,13,5.242398157384197,2.700221735496049,2.2472658719337013,1.2695546474506365,5095
12.981993384272936,7.660219235974162,1.4911183541233577,31.823279916536098,34.34840015259873,6.005013562737027,13,2.242398157384197,1.150221735496049,1.047265871933701,2.7695546474506365,5096
13.919493384272938,5.785219235974162,1.0223683541233575,41.198279916536094,18.098400152598728,5.380013562737027,13,3.3673981573841965,2.8939717354960486,1.7972658719337011,1.4570546474506365,5097
6.419493384272937,10.78521923597416,0.27236835412335747,26.198279916536098,28.098400152598728,10.380013562737027,13,6.367398157384197,1.3439717354960488,0.5972658719337008,2.9570546474506365,5098
10.169493384272936,3.2852192359741617,1.3973683541233577,33.698279916536094,23.098400152598728,7.880013562737027,13,4.867398157384197,3.668971735496049,2.397265871933701,0.7070546474506365,5099
17.66949338427294,8.28521923597416,0.6473683541233575,48.698279916536094,33.09840015259873,2.8800135627370276,13,1.867398157384197,2.118971735496049,1.1972658719337008,2.2070546474506365,5100
15.794493384272938,12.03521923597416,0.08486835412335747,37.448279916536094,20.598400152598728,11.630013562737027,13,4.117398157384197,4.056471735496049,2.097265871933701,0.33205464745063645,5101
8.294493384272936,7.035219235974162,0.8348683541233575,52.448279916536094,30.598400152598728,6.630013562737027,13,1.1173981573841973,2.506471735496049,0.8972658719337008,1.8320546474506365,5102
19.54449338427294,4.535219235974162,0.45986835412335747,29.948279916536098,15.598400152598728,9.130013562737027,13,5.617398157384197,1.731471735496049,0.29726587193370085,1.0820546474506365,5103
12.044493384272936,9.53521923597416,1.2098683541233577,44.948279916536094,25.598400152598728,4.130013562737027,13,2.617398157384197,3.2814717354960488,1.4972658719337009,2.5820546474506365,5104
11.575743384272936,4.847719235974162,0.31924335412335747,47.760779916536094,21.223400152598728,6.317513562737027,13,5.804898157384197,2.603346735496049,1.272265871933701,1.9258046474506365,5105
19.07574338427294,9.84771923597416,1.0692433541233575,32.760779916536094,31.22340015259873,11.317513562737027,13,2.804898157384197,4.153346735496049,2.472265871933701,0.42580464745063645,5106
7.825743384272937,12.34771923597416,0.6942433541233575,25.260779916536098,16.223400152598728,3.8175135627370267,13,1.304898157384197,3.378346735496049,0.6722658719337008,2.6758046474506365,5107
15.325743384272938,7.347719235974162,1.4442433541233577,40.260779916536094,26.223400152598728,8.817513562737027,13,4.304898157384197,1.8283467354960488,1.872265871933701,1.1758046474506365,5108
17.20074338427294,3.5977192359741617,0.8817433541233575,44.010779916536094,33.72340015259873,10.067513562737027,13,6.554898157384197,1.4408467354960488,0.9722658719337008,3.0508046474506365,5109
9.700743384272936,8.59771923597416,0.13174335412335747,29.010779916536098,23.723400152598728,5.067513562737027,13,3.5548981573841965,2.990846735496049,2.172265871933701,1.5508046474506365,5110
5.950743384272937,6.097719235974162,1.2567433541233577,51.510779916536094,18.72340015259873,2.5675135627370276,13,2.054898157384197,2.215846735496049,0.37226587193370086,2.3008046474506365,5111
13.450743384272938,11.09771923597416,0.5067433541233575,36.510779916536094,28.723400152598728,7.567513562737027,13,5.054898157384197,3.7658467354960488,1.5722658719337013,0.8008046474506365,5112
12.513243384272936,2.9727192359741617,1.3504933541233577,30.885779916536098,32.47340015259873,8.192513562737027,13,6.179898157384197,2.022096735496049,1.1222658719337009,1.7383046474506365,5113
5.013243384272937,7.972719235974162,0.6004933541233575,45.885779916536094,22.473400152598728,3.1925135627370276,13,3.1798981573841965,3.5720967354960487,2.322265871933701,3.2383046474506365,5114
8.763243384272936,5.472719235974162,0.9754933541233575,38.385779916536094,27.473400152598728,5.692513562737027,13,1.679898157384197,1.2470967354960487,0.5222658719337009,2.4883046474506365,5115
16.26324338427294,10.47271923597416,0.22549335412335747,53.385779916536094,17.473400152598728,10.692513562737027,13,4.679898157384197,2.7970967354960488,1.7222658719337012,0.9883046474506365,5116
14.388243384272938,6.722719235974162,0.41299335412335747,34.635779916536094,24.973400152598728,9.442513562737027,13,0.9298981573841975,3.184596735496049,1.422265871933701,2.8633046474506365,5117
6.888243384272937,11.72271923597416,1.1629933541233577,49.635779916536094,34.97340015259873,4.442513562737027,13,3.9298981573841965,1.6345967354960487,0.22226587193370087,1.3633046474506365,5118
18.13824338427294,4.222719235974162,0.03799335412335747,42.135779916536094,29.973400152598728,11.942513562737027,13,2.429898157384197,2.4095967354960486,0.8222658719337008,2.1133046474506365,5119
10.638243384272936,9.22271923597416,0.7879933541233575,27.135779916536098,19.973400152598728,6.942513562737027,13,5.429898157384197,3.9595967354960493,2.022265871933701,0.6133046474506365,5120
10.645567603022936,2.9483051734741617,0.6173390572483575,46.955115854036094,22.405040777598728,6.009896375237027,13,4.448452844884197,3.086208063621049,0.5351564969337008,2.6977773037006365,5121
18.14556760302294,7.948305173474162,1.3673390572483577,31.955115854036098,32.40504077759873,11.009896375237027,13,1.448452844884197,1.536208063621049,1.7351564969337012,1.1977773037006365,5122
6.895567603022937,5.448305173474162,0.24233905724835747,54.455115854036094,17.405040777598728,8.509896375237027,13,2.9484528448841965,2.3112080636210486,1.135156496933701,1.9477773037006365,5123
14.395567603022938,10.44830517347416,0.9923390572483575,39.455115854036094,27.405040777598728,3.5098963752370276,13,5.948452844884197,3.8612080636210493,2.3351564969337013,0.44777730370063645,5124
16.27056760302294,6.698305173474162,1.1798390572483577,43.205115854036094,34.90504077759873,2.2598963752370276,13,5.198452844884197,1.9237080636210488,0.8351564969337009,2.3227773037006365,5125
8.770567603022936,11.69830517347416,0.42983905724835747,28.205115854036098,24.905040777598728,7.259896375237027,13,2.198452844884197,3.4737080636210487,2.035156496933701,0.8227773037006365,5126
5.020567603022937,4.198305173474162,0.8048390572483575,50.705115854036094,19.905040777598728,9.759896375237027,13,3.6984528448841965,1.1487080636210487,1.435156496933701,3.0727773037006365,5127
12.520567603022936,9.19830517347416,0.05483905724835747,35.705115854036094,29.905040777598728,4.759896375237027,13,6.698452844884197,2.6987080636210488,0.23515649693370086,1.5727773037006365,5128
13.458067603022938,4.823305173474162,1.0860890572483575,30.080115854036098,31.15504077759873,4.134896375237027,13,4.823452844884197,1.3424580636210488,0.6851564969337008,2.5102773037006365,5129
5.958067603022937,9.82330517347416,0.33608905724835747,45.080115854036094,21.155040777598728,9.134896375237027,13,1.823452844884197,2.892458063621049,1.8851564969337011,1.0102773037006365,5130
9.708067603022936,12.32330517347416,1.4610890572483577,37.580115854036094,26.155040777598728,6.634896375237027,13,3.3234528448841965,2.117458063621049,1.2851564969337008,1.7602773037006365,5131
17.20806760302294,7.323305173474162,0.7110890572483575,52.580115854036094,16.155040777598728,11.634896375237027,13,6.323452844884197,3.6674580636210488,2.485156496933701,3.2602773037006365,5132
15.333067603022938,3.5733051734741617,0.14858905724835747,33.830115854036094,23.655040777598728,2.8848963752370276,13,5.573452844884197,2.504958063621049,0.3851564969337009,2.1352773037006365,5133
7.833067603022937,8.57330517347416,0.8985890572483575,48.830115854036094,33.65504077759873,7.884896375237027,13,2.573452844884197,4.054958063621049,1.585156496933701,0.6352773037006365,5134
19.08306760302294,6.073305173474162,0.5235890572483575,41.330115854036094,28.655040777598728,10.384896375237027,13,4.073452844884197,3.279958063621049,0.9851564969337008,2.8852773037006365,5135
11.583067603022936,11.07330517347416,1.2735890572483577,26.330115854036098,18.65504077759873,5.384896375237027,13,1.0734528448841973,1.7299580636210488,2.185156496933701,1.3852773037006365,5136
12.051817603022936,5.760805173474162,0.28921405724835747,51.642615854036094,28.030040777598728,7.572396375237027,13,1.260952844884197,4.15183306362105,2.410156496933701,0.9165273037006365,5137
19.55181760302294,10.76080517347416,1.0392140572483575,36.642615854036094,18.030040777598728,2.5723963752370276,13,4.260952844884197,2.601833063621049,1.2101564969337009,2.4165273037006365,5138
8.301817603022936,3.2608051734741617,0.6642140572483575,44.142615854036094,33.03004077759873,5.072396375237027,13,5.760952844884197,1.8268330636210488,1.8101564969337012,1.6665273037006365,5139
15.801817603022938,8.26080517347416,1.4142140572483577,29.142615854036098,23.030040777598728,10.072396375237027,13,2.760952844884197,3.376833063621049,0.6101564969337008,3.1665273037006365,5140
17.67681760302294,12.01080517347416,0.8517140572483575,25.392615854036098,30.530040777598728,8.822396375237027,13,2.010952844884197,2.989333063621049,0.31015649693370084,1.2915273037006365,5141
10.176817603022936,7.010805173474162,0.10171405724835747,40.392615854036094,20.530040777598728,3.8223963752370267,13,5.010952844884197,1.4393330636210488,1.510156496933701,2.7915273037006365,5142
6.426817603022937,4.510805173474162,1.2267140572483577,47.892615854036094,25.530040777598728,11.322396375237027,13,6.510952844884197,3.764333063621049,2.110156496933701,0.5415273037006365,5143
13.926817603022938,9.51080517347416,0.47671405724835747,32.892615854036094,15.530040777598728,6.322396375237027,13,3.5109528448841965,2.2143330636210488,0.9101564969337008,2.0415273037006365,5144
12.989317603022936,3.8858051734741617,1.3204640572483577,42.267615854036094,16.780040777598728,6.947396375237027,13,1.635952844884197,3.570583063621049,0.16015649693370088,0.7290273037006365,5145
5.489317603022937,8.88580517347416,0.5704640572483575,27.267615854036098,26.780040777598728,11.947396375237027,13,4.635952844884197,2.0205830636210487,1.360156496933701,2.2290273037006365,5146
9.239317603022936,6.385805173474162,0.9454640572483575,34.767615854036094,21.780040777598728,4.447396375237027,13,6.135952844884197,2.7955830636210486,1.960156496933701,1.4790273037006365,5147
16.73931760302294,11.38580517347416,0.19546405724835747,49.767615854036094,31.78004077759873,9.447396375237027,13,3.1359528448841965,1.2455830636210488,0.7601564969337008,2.9790273037006365,5148
14.864317603022938,5.135805173474162,0.38296405724835747,38.517615854036094,19.280040777598728,10.697396375237027,13,2.385952844884197,1.633083063621049,2.260156496933701,1.1040273037006365,5149
7.364317603022937,10.13580517347416,1.1329640572483577,53.517615854036094,29.280040777598728,5.697396375237027,13,5.385952844884197,3.1830830636210488,1.060156496933701,2.6040273037006365,5150
18.61431760302294,2.6358051734741617,0.00796405724835747,31.017615854036098,34.28004077759873,3.1973963752370276,13,6.885952844884197,3.958083063621049,1.6601564969337013,0.35402730370063645,5151
11.114317603022936,7.635805173474162,0.7579640572483575,46.017615854036094,24.280040777598728,8.197396375237027,13,3.8859528448841965,2.408083063621049,0.46015649693370086,1.8540273037006365,5152
11.348692603022936,5.604555173474162,1.3907765572483577,34.298865854036094,28.342540777598728,9.603646375237027,13,6.042202844884197,1.9721455636210488,1.5476564969337012,2.7446523037006365,5153
18.84869260302294,10.60455517347416,0.6407765572483575,49.298865854036094,18.34254077759873,4.603646375237027,13,3.0422028448841965,3.522145563621049,0.3476564969337008,1.2446523037006365,5154
7.598692603022937,3.1045551734741617,1.0157765572483575,41.798865854036094,23.342540777598728,2.1036463752370276,13,1.542202844884197,1.1971455636210488,2.1476564969337013,1.9946523037006365,5155
15.098692603022938,8.10455517347416,0.26577655724835747,26.798865854036098,33.34254077759873,7.103646375237027,13,4.542202844884197,2.747145563621049,0.9476564969337008,0.49465230370063645,5156
16.97369260302294,4.354555173474162,0.45327655724835747,30.548865854036098,25.842540777598728,8.353646375237027,13,6.792202844884197,3.134645563621049,1.8476564969337013,2.3696523037006365,5157
9.473692603022936,9.35455517347416,1.2032765572483577,45.548865854036094,15.842540777598728,3.3536463752370276,13,3.7922028448841965,1.5846455636210488,0.6476564969337009,0.8696523037006365,5158
5.723692603022937,6.854555173474162,0.07827655724835747,38.048865854036094,30.842540777598728,5.853646375237027,13,2.292202844884197,2.359645563621049,2.447656496933701,3.1196523037006365,5159
13.223692603022938,11.85455517347416,0.8282765572483575,53.048865854036094,20.842540777598728,10.853646375237027,13,5.292202844884197,3.909645563621049,1.247656496933701,1.6196523037006365,5160
14.161192603022938,12.47955517347416,0.17202655724835747,43.673865854036094,19.592540777598728,10.228646375237027,13,6.417202844884197,2.5533955636210486,1.9976564969337012,2.5571523037006365,5161
6.661192603022937,7.479555173474162,0.9220265572483575,28.673865854036098,29.592540777598728,5.228646375237027,13,3.4172028448841965,4.103395563621049,0.7976564969337008,1.0571523037006365,5162
10.411192603022936,4.979555173474162,0.5470265572483575,51.173865854036094,34.59254077759873,2.7286463752370276,13,1.917202844884197,3.328395563621049,0.19765649693370085,1.8071523037006365,5163
17.91119260302294,9.97955517347416,1.2970265572483577,36.173865854036094,24.592540777598728,7.728646375237027,13,4.917202844884197,1.7783955636210487,1.3976564969337009,0.30715230370063645,5164
16.03619260302294,6.229555173474162,0.7345265572483575,47.423865854036094,17.092540777598728,6.478646375237027,13,1.1672028448841973,1.390895563621049,1.6976564969337011,2.1821523037006365,5165
8.536192603022936,11.22955517347416,1.4845265572483577,32.423865854036094,27.092540777598728,11.478646375237027,13,4.167202844884197,2.9408955636210488,0.49765649693370084,0.6821523037006365,5166
19.78619260302294,3.7295551734741617,1.1095265572483577,54.923865854036094,22.092540777598728,3.9786463752370267,13,2.667202844884197,2.165895563621049,2.297656496933701,2.9321523037006365,5167
12.286192603022936,8.72955517347416,0.35952655724835747,39.923865854036094,32.09254077759873,8.978646375237027,13,5.667202844884197,3.7158955636210487,1.0976564969337008,1.4321523037006365,5168
11.817442603022936,3.4170551734741617,0.9689015572483575,38.986365854036094,33.96754077759873,11.166146375237027,13,2.854702844884197,2.844020563621049,1.0226564969337009,0.7759023037006365,5169
19.31744260302294,8.41705517347416,0.21890155724835747,53.986365854036094,23.967540777598728,6.166146375237027,13,5.854702844884197,1.294020563621049,2.222656496933701,2.2759023037006365,5170
8.067442603022936,5.917055173474162,1.3439015572483577,31.486365854036098,18.96754077759873,8.666146375237027,13,4.354702844884197,3.619020563621049,0.4226564969337009,1.5259023037006365,5171
15.567442603022938,10.91705517347416,0.5939015572483575,46.486365854036094,28.967540777598728,3.6661463752370267,13,1.354702844884197,2.0690205636210486,1.6226564969337012,3.0259023037006365,5172
17.44244260302294,4.667055173474162,0.03140155724835747,42.736365854036094,21.467540777598728,4.916146375237027,13,3.6047028448841965,4.006520563621049,1.322656496933701,1.1509023037006365,5173
9.942442603022936,9.66705517347416,0.7814015572483575,27.736365854036098,31.46754077759873,9.916146375237027,13,6.604702844884197,2.4565205636210488,0.12265649693370087,2.6509023037006365,5174
6.192442603022937,12.16705517347416,0.40640155724835747,35.236365854036094,16.467540777598728,7.416146375237027,13,5.104702844884197,1.6815205636210488,0.7226564969337008,0.40090230370063645,5175
13.692442603022938,7.167055173474162,1.1564015572483577,50.236365854036094,26.467540777598728,2.4161463752370276,13,2.104702844884197,3.2315205636210487,1.9226564969337012,1.9009023037006365,5176
12.754942603022936,6.542055173474162,0.6876515572483575,25.861365854036098,25.217540777598728,3.0411463752370276,13,3.2297028448841965,1.4877705636210488,1.4726564969337008,0.5884023037006365,5177
5.254942603022937,11.54205517347416,1.4376515572483577,40.861365854036094,15.217540777598728,8.041146375237027,13,6.229702844884197,3.0377705636210486,0.27265649693370086,2.0884023037006365,5178
9.004942603022936,4.042055173474162,0.31265155724835747,48.361365854036094,30.217540777598728,10.541146375237027,13,4.729702844884197,3.8127705636210494,0.8726564969337008,1.3384023037006365,5179
16.50494260302294,9.04205517347416,1.0626515572483575,33.361365854036094,20.217540777598728,5.541146375237027,13,1.729702844884197,2.262770563621049,2.072656496933701,2.8384023037006365,5180
14.629942603022938,2.7920551734741617,1.2501515572483577,52.111365854036094,32.71754077759873,4.291146375237027,13,3.9797028448841965,3.4252705636210488,1.172656496933701,0.9634023037006365,5181
7.129942603022937,7.792055173474162,0.5001515572483575,37.111365854036094,22.717540777598728,9.291146375237027,13,0.9797028448841975,1.875270563621049,2.372656496933701,2.4634023037006365,5182
18.37994260302294,5.292055173474162,0.8751515572483575,44.611365854036094,27.717540777598728,6.791146375237027,13,5.479702844884197,2.650270563621049,0.5726564969337008,3.2134023037006365,5183
10.879942603022936,10.29205517347416,0.12515155724835747,29.611365854036098,17.717540777598728,11.791146375237027,13,2.479702844884197,1.1002705636210488,1.772656496933701,1.7134023037006365,5184
10.997130103022936,6.932680173474162,0.9103078072483575,40.626990854036094,18.18629077759873,2.3380213752370276,13,6.839077844884197,2.0932393136210488,0.7414064969337009,3.2837148037006365,5185
18.49713010302294,11.93268017347416,0.16030780724835747,25.626990854036098,28.186290777598728,7.338021375237027,13,3.8390778448841965,3.643239313621049,1.941406496933701,1.7837148037006365,5186
7.247130103022937,4.432680173474162,1.2853078072483577,33.126990854036094,33.18629077759873,9.838021375237027,13,2.339077844884197,1.3182393136210488,1.341406496933701,1.0337148037006365,5187
14.747130103022938,9.43268017347416,0.5353078072483575,48.126990854036094,23.186290777598728,4.838021375237027,13,5.339077844884197,2.868239313621049,0.14140649693370086,2.5337148037006365,5188
16.62213010302294,3.1826801734741617,0.34780780724835747,36.876990854036094,15.686290777598728,3.5880213752370267,13,6.089077844884197,3.255739313621049,0.4414064969337008,1.4087148037006365,5189
9.122130103022936,8.18268017347416,1.0978078072483575,51.876990854036094,25.686290777598728,8.588021375237027,13,3.0890778448841965,1.7057393136210488,1.6414064969337012,2.9087148037006365,5190
5.372130103022937,5.682680173474162,0.7228078072483575,29.376990854036098,20.686290777598728,6.088021375237027,13,1.589077844884197,2.480739313621049,1.041406496933701,0.6587148037006365,5191
12.872130103022936,10.68268017347416,1.4728078072483577,44.376990854036094,30.686290777598728,11.088021375237027,13,4.589077844884197,4.03073931362105,2.2414064969337013,2.1587148037006365,5192
13.809630103022938,3.8076801734741617,0.44155780724835747,53.751990854036094,29.436290777598728,11.713021375237027,13,1.2140778448841973,2.286989313621049,0.5914064969337008,0.47121480370063645,5193
6.309630103022937,8.80768017347416,1.1915578072483577,38.751990854036094,19.436290777598728,6.713021375237027,13,4.214077844884197,3.836989313621049,1.7914064969337011,1.9712148037006365,5194
10.059630103022936,6.307680173474162,0.06655780724835747,46.251990854036094,24.436290777598728,9.213021375237027,13,2.714077844884197,3.0619893136210488,1.1914064969337008,1.2212148037006365,5195
17.55963010302294,11.30768017347416,0.8165578072483575,31.251990854036098,34.43629077759873,4.213021375237027,13,5.714077844884197,1.511989313621049,2.391406496933701,2.7212148037006365,5196
15.684630103022938,5.057680173474162,1.3790578072483577,27.501990854036098,26.936290777598728,5.463021375237027,13,6.464077844884197,1.1244893136210488,0.8914064969337008,1.5962148037006365,5197
8.184630103022936,10.05768017347416,0.6290578072483575,42.501990854036094,16.936290777598728,10.463021375237027,13,3.4640778448841965,2.6744893136210486,2.091406496933701,3.0962148037006365,5198
19.43463010302294,2.5576801734741617,1.0040578072483575,50.001990854036094,31.93629077759873,7.963021375237027,13,1.964077844884197,1.8994893136210487,1.4914064969337009,0.8462148037006365,5199
11.934630103022936,7.557680173474162,0.25405780724835747,35.001990854036094,21.936290777598728,2.9630213752370276,13,4.964077844884197,3.449489313621049,0.29140649693370085,2.3462148037006365,5200
12.403380103022936,12.24518017347416,1.1446828072483577,28.439490854036098,23.811290777598728,10.775521375237027,13,3.6515778448841965,2.771364313621049,2.466406496933701,2.8149648037006365,5201
19.90338010302294,7.245180173474162,0.39468280724835747,43.439490854036094,33.81129077759873,5.775521375237027,13,6.651577844884197,1.2213643136210488,1.266406496933701,1.3149648037006365,5202
8.653380103022936,4.745180173474162,0.7696828072483575,35.939490854036094,28.811290777598728,3.2755213752370276,13,5.151577844884197,3.5463643136210488,1.866406496933701,2.0649648037006365,5203
16.15338010302294,9.74518017347416,0.01968280724835747,50.939490854036094,18.81129077759873,8.275521375237027,13,2.151577844884197,1.996364313621049,0.6664064969337008,0.5649648037006365,5204
18.02838010302294,5.995180173474162,0.5821828072483575,32.189490854036094,31.31129077759873,7.025521375237027,13,2.9015778448841965,3.9338643136210494,2.166406496933701,1.6899648037006365,5205
10.528380103022936,10.99518017347416,1.3321828072483577,47.189490854036094,21.311290777598728,2.0255213752370276,13,5.901577844884197,2.383864313621049,0.9664064969337008,3.1899648037006365,5206
6.778380103022937,3.4951801734741617,0.20718280724835747,39.689490854036094,26.311290777598728,4.525521375237027,13,4.401577844884197,1.6088643136210488,1.5664064969337013,2.4399648037006365,5207
14.278380103022938,8.49518017347416,0.9571828072483575,54.689490854036094,16.311290777598728,9.525521375237027,13,1.401577844884197,3.158864313621049,0.36640649693370086,0.9399648037006365,5208
13.340880103022938,5.370180173474162,0.11343280724835747,49.064490854036094,15.061290777598728,8.900521375237027,13,4.026577844884197,1.8026143136210488,2.316406496933701,3.0024648037006365,5209
5.840880103022937,10.37018017347416,0.8634328072483575,34.064490854036094,25.061290777598728,3.9005213752370267,13,1.0265778448841973,3.3526143136210487,1.1164064969337009,1.5024648037006365,5210
9.590880103022936,2.8701801734741617,0.48843280724835747,26.564490854036098,20.061290777598728,11.400521375237027,13,5.526577844884197,4.127614313621049,1.7164064969337012,2.2524648037006365,5211
17.09088010302294,7.870180173474162,1.2384328072483577,41.564490854036094,30.061290777598728,6.400521375237027,13,2.526577844884197,2.5776143136210488,0.5164064969337009,0.7524648037006365,5212
15.215880103022938,4.120180173474162,1.0509328072483575,45.314490854036094,22.561290777598728,7.650521375237027,13,3.2765778448841965,3.740114313621049,0.21640649693370087,1.8774648037006365,5213
7.715880103022937,9.12018017347416,0.30093280724835747,30.314490854036098,32.56129077759873,2.6505213752370276,13,6.276577844884197,2.1901143136210486,1.416406496933701,0.37746480370063645,5214
18.96588010302294,6.620180173474162,1.4259328072483577,52.814490854036094,17.561290777598728,5.150521375237027,13,4.776577844884197,2.965114313621049,2.016406496933701,2.6274648037006365,5215
11.465880103022936,11.62018017347416,0.6759328072483575,37.814490854036094,27.561290777598728,10.150521375237027,13,1.776577844884197,1.415114313621049,0.8164064969337008,1.1274648037006365,5216
11.231505103022936,4.276430173474162,1.4962453072483577,27.033240854036098,32.24879077759873,6.244271375237027,13,5.245327844884197,3.3041768136210488,2.128906496933701,3.2368398037006365,5217
18.73150510302294,9.27643017347416,0.7462453072483575,42.033240854036094,22.248790777598728,11.244271375237027,13,2.245327844884197,1.754176813621049,0.9289064969337009,1.7368398037006365,5218
7.481505103022937,6.776430173474162,0.37124530724835747,49.533240854036094,27.248790777598728,3.7442713752370267,13,3.7453278448841965,2.529176813621049,0.3289064969337009,0.9868398037006365,5219
14.981505103022938,11.77643017347416,1.1212453072483577,34.533240854036094,17.248790777598728,8.744271375237027,13,6.745327844884197,4.079176813621049,1.528906496933701,2.4868398037006365,5220
16.85650510302294,5.526430173474162,0.9337453072483575,53.283240854036094,24.748790777598728,9.994271375237027,13,4.495327844884197,2.141676813621049,1.8289064969337012,1.3618398037006365,5221
9.356505103022936,10.52643017347416,0.18374530724835747,38.283240854036094,34.74879077759873,4.994271375237027,13,1.495327844884197,3.691676813621049,0.6289064969337008,2.8618398037006365,5222
5.606505103022937,3.0264301734741617,1.3087453072483577,45.783240854036094,29.748790777598728,2.4942713752370276,13,2.9953278448841965,1.3666768136210488,2.4289064969337013,0.6118398037006365,5223
13.106505103022938,8.02643017347416,0.5587453072483575,30.783240854036098,19.748790777598728,7.494271375237027,13,5.995327844884197,2.9166768136210486,1.228906496933701,2.1118398037006365,5224
14.044005103022938,6.151430173474162,1.2149953072483577,36.408240854036094,20.998790777598728,8.119271375237027,13,5.620327844884197,1.172926813621049,1.678906496933701,0.42433980370063645,5225
6.544005103022937,11.15143017347416,0.46499530724835747,51.408240854036094,30.998790777598728,3.1192713752370276,13,2.620327844884197,2.722926813621049,0.4789064969337009,1.9243398037006365,5226
10.294005103022936,3.6514301734741617,0.8399953072483575,28.908240854036098,15.998790777598728,5.619271375237027,13,4.120327844884197,1.9479268136210488,2.278906496933701,1.1743398037006365,5227
17.79400510302294,8.65143017347416,0.08999530724835747,43.908240854036094,25.998790777598728,10.619271375237027,13,1.1203278448841973,3.497926813621049,1.0789064969337008,2.6743398037006365,5228
15.919005103022938,12.40143017347416,0.6524953072483575,40.158240854036094,33.49879077759873,9.369271375237027,13,4.870327844884197,2.3354268136210488,1.9789064969337011,1.5493398037006365,5229
8.419005103022936,7.401430173474162,1.4024953072483577,25.158240854036098,23.498790777598728,4.369271375237027,13,1.870327844884197,3.885426813621049,0.7789064969337008,3.0493398037006365,5230
19.66900510302294,4.901430173474162,0.27749530724835747,32.658240854036094,18.49879077759873,11.869271375237027,13,3.3703278448841965,3.1104268136210487,0.17890649693370086,0.7993398037006365,5231
12.169005103022936,9.90143017347416,1.0274953072483575,47.658240854036094,28.498790777598728,6.869271375237027,13,6.370327844884197,1.5604268136210488,1.3789064969337008,2.2993398037006365,5232
11.700255103022936,4.588930173474162,0.5118703072483575,44.845740854036094,17.873790777598728,4.681771375237027,13,2.057827844884197,3.788551813621049,1.453906496933701,2.9555898037006365,5233
19.20025510302294,9.58893017347416,1.2618703072483577,29.845740854036098,27.873790777598728,9.681771375237027,13,5.057827844884197,2.238551813621049,0.2539064969337009,1.4555898037006365,5234
7.950255103022937,12.08893017347416,0.13687030724835747,52.345740854036094,22.873790777598728,7.181771375237027,13,6.557827844884197,1.4635518136210488,0.8539064969337008,2.2055898037006365,5235
15.450255103022938,7.088930173474162,0.8868703072483575,37.345740854036094,32.87379077759873,2.1817713752370276,13,3.5578278448841965,3.013551813621049,2.053906496933701,0.7055898037006365,5236
17.32525510302294,3.3389301734741617,1.4493703072483577,48.595740854036094,20.373790777598728,3.4317713752370276,13,1.307827844884197,2.626051813621049,1.153906496933701,1.8305898037006365,5237
9.825255103022936,8.33893017347416,0.6993703072483575,33.595740854036094,30.373790777598728,8.431771375237027,13,4.307827844884197,4.176051813621049,2.353906496933701,0.33058980370063645,5238
6.075255103022937,5.838930173474162,1.0743703072483575,26.095740854036098,15.373790777598728,10.931771375237027,13,5.807827844884197,3.401051813621049,0.5539064969337009,2.5805898037006365,5239
13.575255103022938,10.83893017347416,0.32437030724835747,41.095740854036094,25.373790777598728,5.931771375237027,13,2.807827844884197,1.8510518136210488,1.7539064969337013,1.0805898037006365,5240
12.637755103022936,2.7139301734741617,0.7931203072483575,31.720740854036098,26.623790777598728,5.306771375237027,13,2.432827844884197,3.5948018136210487,1.0039064969337008,3.1430898037006365,5241
5.137755103022937,7.713930173474162,0.04312030724835747,46.720740854036094,16.623790777598728,10.306771375237027,13,5.432827844884197,2.044801813621049,2.203906496933701,1.6430898037006365,5242
8.887755103022936,5.213930173474162,1.1681203072483577,39.220740854036094,31.62379077759873,7.806771375237027,13,0.9328278448841975,2.8198018136210488,0.40390649693370084,2.3930898037006365,5243
16.38775510302294,10.21393017347416,0.41812030724835747,54.220740854036094,21.623790777598728,2.8067713752370276,13,3.9328278448841965,1.2698018136210487,1.6039064969337011,0.8930898037006365,5244
14.512755103022938,6.463930173474162,0.23062030724835747,27.970740854036098,29.123790777598728,11.556771375237027,13,1.682827844884197,1.6573018136210487,1.3039064969337009,2.0180898037006365,5245
7.012755103022937,11.46393017347416,0.9806203072483575,42.970740854036094,19.123790777598728,6.556771375237027,13,4.682827844884197,3.207301813621049,0.10390649693370087,0.5180898037006365,5246
18.26275510302294,3.9639301734741617,0.6056203072483575,35.470740854036094,24.123790777598728,9.056771375237027,13,6.182827844884197,3.9823018136210493,0.7039064969337008,2.7680898037006365,5247
10.762755103022936,8.96393017347416,1.3556203072483577,50.470740854036094,34.12379077759873,4.056771375237027,13,3.1828278448841965,2.4323018136210486,1.9039064969337012,1.2680898037006365,5248
10.821348853022936,5.018617673474162,0.18960468224835747,37.697303354036094,23.264415777598728,6.908333875237027,13,1.2375153448841973,2.953004938621049,1.988281496933701,0.9751210537006365,5249
18.32134885302294,10.01861767347416,0.9396046822483575,52.697303354036094,33.26441577759873,11.908333875237027,13,4.237515344884197,1.4030049386210488,0.7882814969337009,2.4751210537006365,5250
7.071348853022937,2.5186176734741617,0.5646046822483575,30.197303354036098,28.264415777598728,4.408333875237027,13,2.737515344884197,3.7280049386210488,0.1882814969337009,3.2251210537006365,5251
14.571348853022938,7.518617673474162,1.3146046822483577,45.197303354036094,18.26441577759873,9.408333875237027,13,5.737515344884197,2.178004938621049,1.388281496933701,1.7251210537006365,5252
16.44634885302294,3.7686176734741617,0.7521046822483575,41.447303354036094,30.764415777598728,10.658333875237027,13,6.487515344884197,4.115504938621049,1.6882814969337012,0.6001210537006365,5253
8.946348853022936,8.76861767347416,0.00210468224835747,26.447303354036098,20.764415777598728,5.658333875237027,13,3.4875153448841965,2.565504938621049,0.4882814969337008,2.1001210537006365,5254
5.196348853022937,6.268617673474162,1.1271046822483577,33.947303354036094,25.764415777598728,3.1583338752370276,13,1.987515344884197,1.7905049386210488,2.2882814969337013,1.3501210537006365,5255
12.696348853022936,11.26861767347416,0.37710468224835747,48.947303354036094,15.764415777598728,8.158333875237027,13,4.987515344884197,3.340504938621049,1.088281496933701,2.8501210537006365,5256
13.633848853022938,3.1436176734741617,1.4083546822483577,54.572303354036094,34.51441577759873,7.533333875237027,13,6.862515344884197,1.596754938621049,1.8382814969337011,1.1626210537006365,5257
6.133848853022937,8.14361767347416,0.6583546822483575,39.572303354036094,24.514415777598728,2.5333338752370276,13,3.8625153448841965,3.146754938621049,0.6382814969337008,2.6626210537006365,5258
9.883848853022936,5.643617673474162,1.0333546822483575,47.072303354036094,19.514415777598728,5.033333875237027,13,2.362515344884197,3.9217549386210493,2.438281496933701,0.41262105370063645,5259
17.38384885302294,10.64361767347416,0.28335468224835747,32.072303354036094,29.514415777598728,10.033333875237027,13,5.362515344884197,2.3717549386210486,1.2382814969337008,1.9126210537006365,5260
15.508848853022938,6.893617673474162,0.47085468224835747,50.822303354036094,22.014415777598728,8.783333875237027,13,6.112515344884197,3.5342549386210487,2.138281496933701,0.7876210537006365,5261
8.008848853022936,11.89361767347416,1.2208546822483577,35.822303354036094,32.01441577759873,3.7833338752370267,13,3.1125153448841965,1.9842549386210488,0.9382814969337008,2.2876210537006365,5262
19.25884885302294,4.393617673474162,0.09585468224835747,43.322303354036094,17.014415777598728,11.283333875237027,13,1.612515344884197,2.7592549386210488,0.33828149693370085,1.5376210537006365,5263
11.758848853022936,9.39361767347416,0.8458546822483575,28.322303354036098,27.014415777598728,6.283333875237027,13,4.612515344884197,1.2092549386210487,1.5382814969337009,3.0376210537006365,5264
12.227598853022936,4.081117673474162,0.7052296822483575,34.884803354036094,18.88941577759873,4.095833875237027,13,4.050015344884197,1.8873799386210488,1.313281496933701,2.1938710537006365,5265
19.72759885302294,9.08111767347416,1.4552296822483577,49.884803354036094,28.889415777598728,9.095833875237027,13,1.0500153448841973,3.437379938621049,0.11328149693370088,0.6938710537006365,5266
8.477598853022936,6.581117673474162,0.33022968224835747,42.384803354036094,33.88941577759873,6.595833875237027,13,5.550015344884197,1.112379938621049,0.7132814969337008,2.9438710537006365,5267
15.977598853022938,11.58111767347416,1.0802296822483575,27.384803354036098,23.889415777598728,11.595833875237027,13,2.550015344884197,2.662379938621049,1.913281496933701,1.4438710537006365,5268
17.85259885302294,5.331117673474162,1.2677296822483577,31.134803354036098,16.389415777598728,2.8458338752370276,13,3.3000153448841965,3.049879938621049,1.013281496933701,2.5688710537006365,5269
10.352598853022936,10.33111767347416,0.5177296822483575,46.134803354036094,26.389415777598728,7.845833875237027,13,6.300015344884197,1.4998799386210488,2.213281496933701,1.0688710537006365,5270
6.602598853022937,2.8311176734741617,0.8927296822483575,38.634803354036094,21.389415777598728,10.345833875237027,13,4.800015344884197,2.2748799386210488,0.41328149693370086,1.8188710537006365,5271
14.102598853022938,7.831117673474162,0.14272968224835747,53.634803354036094,31.38941577759873,5.345833875237027,13,1.800015344884197,3.824879938621049,1.6132814969337013,0.31887105370063645,5272
13.165098853022938,5.956117673474162,0.9864796822483575,44.259803354036094,30.139415777598728,5.970833875237027,13,3.6750153448841965,2.468629938621049,1.1632814969337009,2.3813710537006365,5273
5.665098853022937,10.95611767347416,0.23647968224835747,29.259803354036098,20.139415777598728,10.970833875237027,13,6.675015344884197,4.018629938621049,2.363281496933701,0.8813710537006365,5274
9.415098853022936,3.4561176734741617,1.3614796822483577,51.759803354036094,25.139415777598728,8.470833875237027,13,5.175015344884197,3.2436299386210488,0.5632814969337009,3.1313710537006365,5275
16.91509885302294,8.45611767347416,0.6114796822483575,36.759803354036094,15.139415777598728,3.4708338752370276,13,2.175015344884197,1.693629938621049,1.7632814969337012,1.6313710537006365,5276
15.040098853022938,12.20611767347416,0.04897968224835747,48.009803354036094,27.639415777598728,2.2208338752370276,13,2.9250153448841965,1.3061299386210488,1.463281496933701,2.7563710537006365,5277
7.540098853022937,7.206117673474162,0.7989796822483575,33.009803354036094,17.639415777598728,7.220833875237027,13,5.925015344884197,2.8561299386210486,0.26328149693370084,1.2563710537006365,5278
18.79009885302294,4.706117673474162,0.42397968224835747,25.509803354036098,32.63941577759873,9.720833875237027,13,4.425015344884197,2.0811299386210487,0.8632814969337008,2.0063710537006365,5279
11.290098853022936,9.70611767347416,1.1739796822483577,40.509803354036094,22.639415777598728,4.720833875237027,13,1.425015344884197,3.631129938621049,2.063281496933701,0.5063710537006365,5280
11.524473853022936,12.36236767347416,1.0567921822483575,51.291053354036094,17.326915777598728,3.0020838752370276,13,5.643765344884197,4.067067438621049,0.9007814969337008,1.0219960537006365,5281
19.02447385302294,7.362367673474162,0.30679218224835747,36.291053354036094,27.326915777598728,8.002083875237027,13,2.643765344884197,2.5170674386210488,2.1007814969337013,2.5219960537006365,5282
7.774473853022937,4.862367673474162,1.4317921822483577,43.791053354036094,22.326915777598728,10.502083875237027,13,4.143765344884197,1.7420674386210488,1.500781496933701,3.2719960537006365,5283
15.274473853022938,9.86236767347416,0.6817921822483575,28.791053354036098,32.32691577759873,5.502083875237027,13,1.1437653448841973,3.2920674386210487,0.3007814969337009,1.7719960537006365,5284
17.14947385302294,6.112367673474162,0.11929218224835747,25.041053354036098,19.826915777598728,4.252083875237027,13,4.893765344884197,2.904567438621049,0.6007814969337009,0.6469960537006365,5285
9.649473853022936,11.11236767347416,0.8692921822483575,40.041053354036094,29.826915777598728,9.252083875237027,13,1.893765344884197,1.354567438621049,1.8007814969337013,2.1469960537006365,5286
5.899473853022937,3.6123676734741617,0.49429218224835747,47.541053354036094,34.82691577759873,6.752083875237027,13,3.3937653448841965,3.679567438621049,1.200781496933701,1.3969960537006365,5287
13.399473853022938,8.61236767347416,1.2442921822483577,32.541053354036094,24.826915777598728,11.752083875237027,13,6.393765344884197,2.1295674386210486,2.400781496933701,2.8969960537006365,5288
14.336973853022938,5.487367673474162,0.5880421822483575,41.916053354036094,26.076915777598728,11.127083875237027,13,5.268765344884197,3.4858174386210488,0.45078149693370084,1.2094960537006365,5289
6.836973853022937,10.48736767347416,1.3380421822483577,26.916053354036098,16.076915777598728,6.127083875237027,13,2.268765344884197,1.935817438621049,1.6507814969337011,2.7094960537006365,5290
10.586973853022936,2.9873676734741617,0.21304218224835747,34.416053354036094,31.07691577759873,8.627083875237027,13,3.7687653448841965,2.710817438621049,1.0507814969337008,0.45949605370063645,5291
18.08697385302294,7.987367673474162,0.9630421822483575,49.416053354036094,21.076915777598728,3.6270838752370267,13,6.768765344884197,1.1608174386210488,2.250781496933701,1.9594960537006365,5292
16.21197385302294,4.237367673474162,1.1505421822483577,38.166053354036094,28.576915777598728,4.877083875237027,13,4.518765344884197,1.5483174386210488,0.7507814969337008,0.8344960537006365,5293
8.711973853022936,9.23736767347416,0.40054218224835747,53.166053354036094,18.57691577759873,9.877083875237027,13,1.518765344884197,3.0983174386210486,1.9507814969337012,2.3344960537006365,5294
19.96197385302294,6.737367673474162,0.7755421822483575,30.666053354036098,23.576915777598728,7.377083875237027,13,3.0187653448841965,3.8733174386210494,1.3507814969337009,1.5844960537006365,5295
12.461973853022936,11.73736767347416,0.02554218224835747,45.666053354036094,33.57691577759873,2.3770838752370276,13,6.018765344884197,2.323317438621049,0.15078149693370085,3.0844960537006365,5296
11.993223853022936,6.424867673474162,1.2911671822483577,48.478553354036094,32.95191577759873,10.189583875237027,13,2.456265344884197,3.195192438621049,0.22578149693370086,2.0532460537006365,5297
19.49322385302294,11.42486767347416,0.5411671822483575,33.478553354036094,22.951915777598728,5.189583875237027,13,5.456265344884197,1.6451924386210488,1.4257814969337008,0.5532460537006365,5298
8.243223853022936,3.9248676734741617,0.9161671822483575,25.978553354036098,27.951915777598728,2.6895838752370276,13,0.9562653448841975,2.420192438621049,2.025781496933701,2.8032460537006365,5299
15.743223853022938,8.92486767347416,0.16616718224835747,40.978553354036094,17.951915777598728,7.689583875237027,13,3.9562653448841965,3.970192438621049,0.8257814969337008,1.3032460537006365,5300
17.61822385302294,2.6748676734741617,0.35366718224835747,44.728553354036094,25.451915777598728,6.439583875237027,13,1.706265344884197,2.0326924386210488,2.325781496933701,2.4282460537006365,5301
10.118223853022936,7.674867673474162,1.1036671822483577,29.728553354036098,15.451915777598728,11.439583875237027,13,4.706265344884197,3.582692438621049,1.125781496933701,0.9282460537006365,5302
6.368223853022937,5.174867673474162,1.4786671822483577,52.228553354036094,30.451915777598728,3.9395838752370267,13,6.206265344884197,1.2576924386210488,1.725781496933701,1.6782460537006365,5303
13.868223853022938,10.17486767347416,0.7286671822483575,37.228553354036094,20.451915777598728,8.939583875237027,13,3.2062653448841965,2.807692438621049,0.5257814969337009,3.1782460537006365,5304
12.930723853022936,3.2998676734741617,0.25991718224835747,31.603553354036098,21.701915777598728,9.564583875237027,13,2.081265344884197,1.451442438621049,2.175781496933701,2.2407460537006365,5305
5.430723853022937,8.29986767347416,1.0099171822483575,46.603553354036094,31.70191577759873,4.564583875237027,13,5.081265344884197,3.0014424386210488,0.9757814969337009,0.7407460537006365,5306
9.180723853022936,5.799867673474162,0.6349171822483575,39.103553354036094,16.701915777598728,2.0645838752370276,13,6.581265344884197,2.226442438621049,1.5757814969337012,2.9907460537006365,5307
16.68072385302294,10.79986767347416,1.3849171822483577,54.103553354036094,26.701915777598728,7.064583875237027,13,3.5812653448841965,3.7764424386210487,0.3757814969337009,1.4907460537006365,5308
14.805723853022938,4.549867673474162,0.8224171822483575,35.353553354036094,34.20191577759873,8.314583875237027,13,1.331265344884197,2.6139424386210486,2.4757814969337013,2.6157460537006365,5309
7.305723853022937,9.54986767347416,0.07241718224835747,50.353553354036094,24.201915777598728,3.3145838752370276,13,4.331265344884197,4.163942438621049,1.275781496933701,1.1157460537006365,5310
18.55572385302294,12.04986767347416,1.1974171822483577,42.853553354036094,19.201915777598728,5.814583875237027,13,5.831265344884197,3.388942438621049,1.8757814969337012,1.8657460537006365,5311
11.055723853022936,7.049867673474162,0.44741718224835747,27.853553354036098,29.201915777598728,10.814583875237027,13,2.831265344884197,1.8389424386210487,0.6757814969337008,0.36574605370063645,5312
10.938536353022936,3.6904926734741617,1.2325734322483577,46.369178354036094,27.483165777598728,9.017708875237027,13,4.846890344884197,3.897536188621049,1.7070314969337013,1.9829335537006365,5313
18.43853635302294,8.69049267347416,0.48257343224835747,31.369178354036098,17.483165777598728,4.017708875237027,13,1.846890344884197,2.347536188621049,0.5070314969337009,0.48293355370063645,5314
7.188536353022937,6.190492673474162,0.8575734322483575,53.869178354036094,32.48316577759873,11.517708875237027,13,3.3468903448841965,1.572536188621049,2.307031496933701,2.7329335537006365,5315
14.688536353022938,11.19049267347416,0.10757343224835747,38.869178354036094,22.483165777598728,6.517708875237027,13,6.346890344884197,3.1225361886210488,1.107031496933701,1.2329335537006365,5316
16.56353635302294,4.940492673474162,0.6700734322483575,50.119178354036094,29.983165777598728,7.767708875237027,13,5.596890344884197,2.7350361886210486,2.007031496933701,3.1079335537006365,5317
9.063536353022936,9.94049267347416,1.4200734322483577,35.119178354036094,19.983165777598728,2.7677088752370276,13,2.596890344884197,1.1850361886210488,0.8070314969337008,1.6079335537006365,5318
5.313536353022937,12.44049267347416,0.29507343224835747,27.619178354036098,24.983165777598728,5.267708875237027,13,4.096890344884197,3.510036188621049,0.20703149693370088,2.3579335537006365,5319
12.813536353022936,7.440492673474162,1.0450734322483575,42.619178354036094,34.98316577759873,10.267708875237027,13,1.0968903448841973,1.9600361886210487,1.407031496933701,0.8579335537006365,5320
13.751036353022938,6.815492673474162,0.01382343224835747,33.244178354036094,16.233165777598728,10.892708875237027,13,4.471890344884197,3.703786188621049,1.8570314969337012,1.7954335537006365,5321
6.251036353022937,11.81549267347416,0.7638234322483575,48.244178354036094,26.233165777598728,5.892708875237027,13,1.471890344884197,2.1537861886210488,0.6570314969337008,3.2954335537006365,5322
10.001036353022936,4.315492673474162,0.38882343224835747,40.744178354036094,21.233165777598728,3.3927088752370276,13,2.9718903448841965,2.928786188621049,2.457031496933701,2.5454335537006365,5323
17.50103635302294,9.31549267347416,1.1388234322483577,25.744178354036098,31.23316577759873,8.392708875237027,13,5.971890344884197,1.3787861886210488,1.2570314969337009,1.0454335537006365,5324
15.626036353022938,3.0654926734741617,0.9513234322483575,29.494178354036098,18.73316577759873,7.142708875237027,13,5.221890344884197,1.7662861886210488,1.5570314969337011,2.9204335537006365,5325
8.126036353022936,8.06549267347416,0.20132343224835747,44.494178354036094,28.733165777598728,2.1427088752370276,13,2.221890344884197,3.316286188621049,0.35703149693370084,1.4204335537006365,5326
19.37603635302294,5.565492673474162,1.3263234322483577,36.994178354036094,33.73316577759873,4.642708875237027,13,3.7218903448841965,4.09128618862105,2.157031496933701,2.1704335537006365,5327
11.876036353022936,10.56549267347416,0.5763234322483575,51.994178354036094,23.733165777598728,9.642708875237027,13,6.721890344884197,2.541286188621049,0.9570314969337008,0.6704335537006365,5328
12.344786353022936,5.252992673474162,0.8106984322483575,26.681678354036098,23.108165777598728,11.830208875237027,13,1.659390344884197,3.219411188621049,1.182031496933701,1.5141835537006365,5329
19.84478635302294,10.25299267347416,0.06069843224835747,41.681678354036094,33.10816577759873,6.830208875237027,13,4.659390344884197,1.6694111886210488,2.3820314969337013,3.0141835537006365,5330
8.594786353022936,2.7529926734741617,1.1856984322483577,49.181678354036094,18.108165777598728,9.330208875237027,13,6.159390344884197,2.444411188621049,0.5820314969337008,0.7641835537006365,5331
16.09478635302294,7.752992673474162,0.43569843224835747,34.181678354036094,28.108165777598728,4.330208875237027,13,3.1593903448841965,3.9944111886210494,1.7820314969337012,2.2641835537006365,5332
17.96978635302294,4.002992673474162,0.24819843224835747,52.931678354036094,15.608165777598728,5.580208875237027,13,2.409390344884197,2.056911188621049,1.482031496933701,0.38918355370063645,5333
10.469786353022936,9.00299267347416,0.9981984322483575,37.931678354036094,25.608165777598728,10.580208875237027,13,5.409390344884197,3.6069111886210488,0.2820314969337009,1.8891835537006365,5334
6.719786353022937,6.502992673474162,0.6231984322483575,45.431678354036094,20.608165777598728,8.080208875237027,13,0.9093903448841975,1.2819111886210488,0.8820314969337009,1.1391835537006365,5335
14.219786353022938,11.50299267347416,1.3731984322483577,30.431678354036098,30.608165777598728,3.0802088752370276,13,3.9093903448841965,2.831911188621049,2.082031496933701,2.6391835537006365,5336
13.282286353022938,12.12799267347416,0.5294484322483575,36.056678354036094,31.85816577759873,2.4552088752370276,13,1.284390344884197,4.188161188621049,1.3320314969337008,1.3266835537006365,5337
5.782286353022937,7.127992673474162,1.2794484322483577,51.056678354036094,21.858165777598728,7.455208875237027,13,4.284390344884197,2.6381611886210488,0.13203149693370086,2.8266835537006365,5338
9.532286353022936,4.627992673474162,0.15444843224835747,28.556678354036098,26.858165777598728,9.955208875237027,13,5.784390344884197,1.8631611886210488,0.7320314969337008,0.5766835537006365,5339
17.03228635302294,9.62799267347416,0.9044484322483575,43.556678354036094,16.858165777598728,4.955208875237027,13,2.784390344884197,3.4131611886210487,1.9320314969337011,2.0766835537006365,5340
15.157286353022938,5.877992673474162,1.4669484322483577,39.806678354036094,24.358165777598728,3.7052088752370267,13,2.034390344884197,2.2506611886210486,1.0320314969337008,3.2016835537006365,5341
7.657286353022937,10.87799267347416,0.7169484322483575,54.806678354036094,34.35816577759873,8.705208875237027,13,5.034390344884197,3.8006611886210493,2.232031496933701,1.7016835537006365,5342
18.90728635302294,3.3779926734741617,1.0919484322483575,32.306678354036094,29.358165777598728,6.205208875237027,13,6.534390344884197,3.025661188621049,0.4320314969337009,0.9516835537006365,5343
11.407286353022936,8.37799267347416,0.34194843224835747,47.306678354036094,19.358165777598728,11.205208875237027,13,3.5343903448841965,1.475661188621049,1.632031496933701,2.4516835537006365,5344
11.172911353022936,6.346742673474162,0.41226093224835747,29.025428354036098,33.42066577759873,5.423958875237027,13,6.440640344884197,2.686598688621049,0.3945314969337008,1.9360585537006365,5345
18.67291135302294,11.34674267347416,1.1622609322483577,44.025428354036094,23.420665777598728,10.423958875237027,13,3.4406403448841965,1.1365986886210488,1.5945314969337012,0.43605855370063645,5346
7.422911353022937,3.8467426734741617,0.03726093224835747,36.525428354036094,18.42066577759873,7.923958875237027,13,1.940640344884197,3.461598688621049,0.9945314969337008,2.6860585537006365,5347
14.922911353022938,8.84674267347416,0.7872609322483575,51.525428354036094,28.420665777598728,2.9239588752370276,13,4.940640344884197,1.9115986886210488,2.1945314969337013,1.1860585537006365,5348
16.79791135302294,2.5967426734741617,1.3497609322483577,32.775428354036094,20.920665777598728,11.673958875237027,13,1.1906403448841973,3.849098688621049,0.6945314969337009,3.0610585537006365,5349
9.297911353022936,7.596742673474162,0.5997609322483575,47.775428354036094,30.920665777598728,6.673958875237027,13,4.190640344884197,2.299098688621049,1.8945314969337013,1.5610585537006365,5350
5.547911353022937,5.096742673474162,0.9747609322483575,40.275428354036094,15.920665777598728,9.173958875237027,13,2.690640344884197,1.5240986886210488,1.294531496933701,2.3110585537006365,5351
13.047911353022938,10.09674267347416,0.22476093224835747,25.275428354036098,25.920665777598728,4.173958875237027,13,5.690640344884197,3.074098688621049,2.494531496933701,0.8110585537006365,5352
13.985411353022938,4.471742673474162,0.8810109322483575,49.650428354036094,24.670665777598728,4.798958875237027,13,6.065640344884197,1.7178486886210487,0.8445314969337008,1.7485585537006365,5353
6.485411353022937,9.47174267347416,0.13101093224835747,34.650428354036094,34.67066577759873,9.798958875237027,13,3.0656403448841965,3.267848688621049,2.044531496933701,3.2485585537006365,5354
10.235411353022936,6.971742673474162,1.2560109322483577,27.150428354036098,29.670665777598728,7.298958875237027,13,1.565640344884197,4.042848688621049,1.4445314969337009,2.4985585537006365,5355
17.73541135302294,11.97174267347416,0.5060109322483575,42.150428354036094,19.670665777598728,2.2989588752370276,13,4.565640344884197,2.4928486886210486,0.24453149693370085,0.9985585537006365,5356
15.860411353022938,5.721742673474162,0.31851093224835747,45.900428354036094,32.17066577759873,3.5489588752370276,13,6.815640344884197,3.6553486886210487,0.5445314969337008,2.8735585537006365,5357
8.360411353022936,10.72174267347416,1.0685109322483575,30.900428354036098,22.170665777598728,8.548958875237027,13,3.8156403448841965,2.105348688621049,1.7445314969337011,1.3735585537006365,5358
19.61041135302294,3.2217426734741617,0.6935109322483575,53.400428354036094,27.170665777598728,11.048958875237027,13,2.315640344884197,2.8803486886210488,1.1445314969337008,2.1235585537006365,5359
12.110411353022936,8.22174267347416,1.4435109322483577,38.400428354036094,17.170665777598728,6.048958875237027,13,5.315640344884197,1.3303486886210487,2.344531496933701,0.6235585537006365,5360
11.641661353022936,2.9092426734741617,0.08413593224835747,39.337928354036094,29.045665777598728,8.236458875237027,13,3.2531403448841965,2.202223688621049,2.269531496933701,1.6548085537006365,5361
19.14166135302294,7.909242673474162,0.8341359322483575,54.337928354036094,19.045665777598728,3.2364588752370276,13,6.253140344884197,3.752223688621049,1.0695314969337009,3.1548085537006365,5362
7.891661353022937,5.409242673474162,0.45913593224835747,31.837928354036098,24.045665777598728,5.736458875237027,13,4.753140344884197,1.4272236886210488,1.6695314969337012,0.9048085537006365,5363
15.391661353022938,10.40924267347416,1.2091359322483577,46.837928354036094,34.04566577759873,10.736458875237027,13,1.753140344884197,2.9772236886210486,0.4695314969337009,2.4048085537006365,5364
17.26666135302294,6.659242673474162,1.0216359322483575,35.587928354036094,26.545665777598728,9.486458875237027,13,4.003140344884197,3.3647236886210488,0.16953149693370087,0.5298085537006365,5365
9.766661353022936,11.65924267347416,0.27163593224835747,50.587928354036094,16.545665777598728,4.486458875237027,13,1.0031403448841973,1.814723688621049,1.369531496933701,2.0298085537006365,5366
6.016661353022937,4.159242673474162,1.3966359322483577,28.087928354036098,31.54566577759873,11.986458875237027,13,5.503140344884197,2.589723688621049,1.9695314969337012,1.2798085537006365,5367
13.516661353022938,9.15924267347416,0.6466359322483575,43.087928354036094,21.545665777598728,6.986458875237027,13,2.503140344884197,4.139723688621049,0.7695314969337008,2.7798085537006365,5368
12.579161353022936,4.784242673474162,1.1153859322483577,52.462928354036094,20.295665777598728,6.361458875237027,13,2.878140344884197,2.3959736886210488,0.31953149693370086,1.4673085537006365,5369
5.079161353022937,9.78424267347416,0.36538593224835747,37.462928354036094,30.295665777598728,11.361458875237027,13,5.878140344884197,3.945973688621049,1.5195314969337008,2.9673085537006365,5370
8.829161353022936,12.28424267347416,0.7403859322483575,44.962928354036094,15.295665777598728,3.8614588752370267,13,4.378140344884197,3.1709736886210487,2.119531496933701,0.7173085537006365,5371
16.32916135302294,7.284242673474162,1.4903859322483577,29.962928354036098,25.295665777598728,8.861458875237027,13,1.378140344884197,1.6209736886210488,0.9195314969337008,2.2173085537006365,5372
14.454161353022938,3.5342426734741617,0.5528859322483575,26.212928354036098,17.795665777598728,10.111458875237027,13,3.6281403448841965,1.233473688621049,2.419531496933701,0.34230855370063645,5373
6.954161353022937,8.53424267347416,1.3028859322483577,41.212928354036094,27.795665777598728,5.111458875237027,13,6.628140344884197,2.783473688621049,1.219531496933701,1.8423085537006365,5374
18.20416135302294,6.034242673474162,0.17788593224835747,48.712928354036094,22.795665777598728,2.6114588752370276,13,5.128140344884197,2.0084736886210486,1.819531496933701,1.0923085537006365,5375
10.704161353022936,11.03424267347416,0.9278859322483575,33.712928354036094,32.79566577759873,7.611458875237027,13,2.128140344884197,3.558473688621049,0.6195314969337008,2.5923085537006365,5376
10.733458228022936,6.053773923474162,1.1593312447483577,25.451209604036098,15.881603277598728,11.341927625237027,13,4.225796594884197,2.595778376121049,1.317968996933701,3.1489491787006365,5377
18.23345822802294,11.05377392347416,0.40933124474835747,40.451209604036094,25.881603277598728,6.341927625237027,13,1.2257965948841973,4.145778376121049,0.11796899693370087,1.6489491787006365,5378
6.983458228022937,3.5537739234741617,0.7843312447483575,47.951209604036094,20.881603277598728,8.841927625237027,13,5.725796594884197,3.370778376121049,0.7179689969337009,2.3989491787006365,5379
14.483458228022938,8.55377392347416,0.03433124474835747,32.951209604036094,30.881603277598728,3.8419276252370267,13,2.725796594884197,1.8207783761210488,1.917968996933701,0.8989491787006365,5380
16.35845822802294,12.30377392347416,0.5968312447483575,51.701209604036094,18.38160327759873,5.091927625237027,13,3.4757965948841965,1.4332783761210488,1.017968996933701,2.0239491787006365,5381
8.858458228022936,7.303773923474162,1.3468312447483577,36.701209604036094,28.381603277598728,10.091927625237027,13,6.475796594884197,2.983278376121049,2.2179689969337013,0.5239491787006365,5382
5.108458228022937,4.803773923474162,0.22183124474835747,44.201209604036094,33.38160327759873,7.591927625237027,13,4.975796594884197,2.208278376121049,0.4179689969337008,2.7739491787006365,5383
12.608458228022936,9.80377392347416,0.9718312447483575,29.201209604036098,23.381603277598728,2.5919276252370276,13,1.975796594884197,3.7582783761210488,1.6179689969337012,1.2739491787006365,5384
13.545958228022938,4.178773923474162,0.12808124474835747,38.576209604036094,27.131603277598728,3.2169276252370276,13,3.8507965948841965,2.014528376121049,1.1679689969337008,2.9614491787006365,5385
6.045958228022937,9.17877392347416,0.8780812447483575,53.576209604036094,17.131603277598728,8.216927625237027,13,6.850796594884197,3.5645283761210487,2.367968996933701,1.4614491787006365,5386
9.795958228022936,6.678773923474162,0.5030812447483575,31.076209604036098,32.13160327759873,10.716927625237027,13,5.350796594884197,1.2395283761210487,0.5679689969337008,2.2114491787006365,5387
17.29595822802294,11.67877392347416,1.2530812447483577,46.076209604036094,22.131603277598728,5.716927625237027,13,2.350796594884197,2.7895283761210488,1.7679689969337011,0.7114491787006365,5388
15.420958228022938,5.428773923474162,1.0655812447483575,42.326209604036094,29.631603277598728,4.466927625237027,13,3.1007965948841965,3.177028376121049,1.4679689969337009,1.8364491787006365,5389
7.920958228022937,10.42877392347416,0.31558124474835747,27.326209604036098,19.631603277598728,9.466927625237027,13,6.100796594884197,1.6270283761210487,0.26796899693370085,0.33644917870063645,5390
19.17095822802294,2.9287739234741617,1.4405812447483577,34.826209604036094,24.631603277598728,6.966927625237027,13,4.600796594884197,2.4020283761210486,0.8679689969337008,2.5864491787006365,5391
11.670958228022936,7.928773923474162,0.6905812447483575,49.826209604036094,34.63160327759873,11.966927625237027,13,1.600796594884197,3.9520283761210493,2.067968996933701,1.0864491787006365,5392
12.139708228022936,3.2412739234741617,0.8312062447483575,43.263709604036094,31.50660327759873,9.779427625237027,13,1.0382965948841973,1.5301533761210488,1.842968996933701,0.43019917870063645,5393
19.63970822802294,8.24127392347416,0.08120624474835747,28.263709604036098,21.506603277598728,4.779427625237027,13,4.038296594884197,3.080153376121049,0.6429689969337008,1.9301991787006365,5394
8.389708228022936,5.741273923474162,1.2062062447483577,50.763709604036094,26.506603277598728,2.2794276252370276,13,2.538296594884197,3.855153376121049,2.442968996933701,1.1801991787006365,5395
15.889708228022938,10.74127392347416,0.45620624474835747,35.763709604036094,16.506603277598728,7.279427625237027,13,5.538296594884197,2.3051533761210488,1.242968996933701,2.6801991787006365,5396
17.76470822802294,6.991273923474162,0.26870624474835747,47.013709604036094,24.006603277598728,8.529427625237027,13,6.288296594884197,3.467653376121049,1.5429689969337013,1.5551991787006365,5397
10.264708228022936,11.99127392347416,1.0187062447483575,32.013709604036094,34.00660327759873,3.5294276252370276,13,3.2882965948841965,1.9176533761210488,0.34296899693370086,3.0551991787006365,5398
6.514708228022937,4.491273923474162,0.6437062447483575,54.513709604036094,29.006603277598728,6.029427625237027,13,1.788296594884197,2.692653376121049,2.142968996933701,0.8051991787006365,5399
14.014708228022938,9.49127392347416,1.3937062447483577,39.513709604036094,19.006603277598728,11.029427625237027,13,4.788296594884197,1.142653376121049,0.9429689969337008,2.3051991787006365,5400
13.077208228022938,5.116273923474162,0.36245624474835747,33.888709604036094,22.756603277598728,10.404427625237027,13,6.663296594884197,2.8864033761210486,1.6929689969337012,3.2426991787006365,5401
5.577208228022937,10.11627392347416,1.1124562447483577,48.888709604036094,32.75660327759873,5.404427625237027,13,3.6632965948841965,1.3364033761210488,0.4929689969337009,1.7426991787006365,5402
9.327208228022936,2.6162739234741617,1.4874562447483577,41.388709604036094,17.756603277598728,2.9044276252370276,13,2.163296594884197,3.661403376121049,2.292968996933701,0.9926991787006365,5403
16.82720822802294,7.616273923474162,0.7374562447483575,26.388709604036098,27.756603277598728,7.904427625237027,13,5.163296594884197,2.111403376121049,1.0929689969337009,2.4926991787006365,5404
14.952208228022938,3.8662739234741617,1.2999562447483577,30.138709604036098,15.256603277598728,6.654427625237027,13,5.913296594884197,4.048903376121049,1.9929689969337012,1.3676991787006365,5405
7.452208228022937,8.86627392347416,0.5499562447483575,45.138709604036094,25.256603277598728,11.654427625237027,13,2.9132965948841965,2.498903376121049,0.7929689969337008,2.8676991787006365,5406
18.70220822802294,6.366273923474162,0.9249562447483575,37.638709604036094,20.256603277598728,4.154427625237027,13,1.413296594884197,1.723903376121049,0.19296899693370087,0.6176991787006365,5407
11.202208228022936,11.36627392347416,0.17495624474835747,52.638709604036094,30.256603277598728,9.154427625237027,13,4.413296594884197,3.2739033761210488,1.392968996933701,2.1176991787006365,5408
11.436583228022936,3.3975239234741617,0.47964374474835747,42.794959604036094,24.944103277598728,7.435677625237027,13,2.632046594884197,1.2879658761210488,0.3054689969337009,3.0083241787006365,5409
18.93658322802294,8.39752392347416,1.2296437447483577,27.794959604036098,34.94410327759873,2.4356776252370276,13,5.632046594884197,2.837965876121049,1.505468996933701,1.5083241787006365,5410
7.686583228022937,5.897523923474162,0.10464374474835747,35.294959604036094,29.944103277598728,4.935677625237027,13,1.1320465948841973,2.0629658761210488,2.105468996933701,2.2583241787006365,5411
15.186583228022938,10.89752392347416,0.8546437447483575,50.294959604036094,19.944103277598728,9.935677625237027,13,4.132046594884197,3.612965876121049,0.9054689969337009,0.7583241787006365,5412
17.06158322802294,4.647523923474162,1.4171437447483577,39.044959604036094,32.44410327759873,8.685677625237027,13,1.882046594884197,2.450465876121049,2.4054689969337013,1.8833241787006365,5413
9.561583228022936,9.64752392347416,0.6671437447483575,54.044959604036094,22.444103277598728,3.6856776252370267,13,4.882046594884197,4.00046587612105,1.205468996933701,0.38332417870063645,5414
5.811583228022937,12.14752392347416,1.0421437447483575,31.544959604036098,27.444103277598728,11.185677625237027,13,6.382046594884197,3.225465876121049,1.8054689969337012,2.6333241787006365,5415
13.311583228022938,7.147523923474162,0.29214374474835747,46.544959604036094,17.444103277598728,6.185677625237027,13,3.3820465948841965,1.6754658761210488,0.6054689969337008,1.1333241787006365,5416
14.249083228022938,6.522523923474162,0.7608937447483575,52.169959604036094,33.69410327759873,6.810677625237027,13,2.257046594884197,3.0317158761210488,2.255468996933701,2.8208241787006365,5417
6.749083228022937,11.52252392347416,0.01089374474835747,37.169959604036094,23.694103277598728,11.810677625237027,13,5.257046594884197,1.481715876121049,1.0554689969337008,1.3208241787006365,5418
10.499083228022936,4.022523923474162,1.1358937447483577,44.669959604036094,18.69410327759873,4.310677625237027,13,6.757046594884197,2.256715876121049,1.655468996933701,2.0708241787006365,5419
17.99908322802294,9.02252392347416,0.38589374474835747,29.669959604036098,28.694103277598728,9.310677625237027,13,3.7570465948841965,3.806715876121049,0.4554689969337009,0.5708241787006365,5420
16.12408322802294,2.7725239234741617,0.19839374474835747,25.919959604036098,21.194103277598728,10.560677625237027,13,1.507046594884197,1.8692158761210487,0.15546899693370086,1.6958241787006365,5421
8.624083228022936,7.772523923474162,0.9483937447483575,40.919959604036094,31.19410327759873,5.560677625237027,13,4.507046594884197,3.419215876121049,1.3554689969337008,3.1958241787006365,5422
19.87408322802294,5.272523923474162,0.5733937447483575,48.419959604036094,16.194103277598728,3.0606776252370276,13,6.007046594884197,4.194215876121049,1.9554689969337011,2.4458241787006365,5423
12.374083228022936,10.27252392347416,1.3233937447483577,33.419959604036094,26.194103277598728,8.060677625237027,13,3.0070465948841965,2.6442158761210486,0.7554689969337008,0.9458241787006365,5424
11.905333228022936,5.585023923474162,0.05776874474835747,30.607459604036098,20.569103277598728,5.873177625237027,13,5.444546594884197,3.5160908761210488,0.8304689969337008,0.47707417870063645,5425
19.40533322802294,10.58502392347416,0.8077687447483575,45.607459604036094,30.569103277598728,10.873177625237027,13,2.444546594884197,1.966090876121049,2.030468996933701,1.9770741787006365,5426
8.155333228022936,3.0850239234741617,0.43276874474835747,38.107459604036094,15.569103277598728,8.373177625237027,13,3.9445465948841965,2.741090876121049,1.430468996933701,1.2270741787006365,5427
15.655333228022938,8.08502392347416,1.1827687447483577,53.107459604036094,25.569103277598728,3.3731776252370276,13,0.9445465948841975,1.1910908761210488,0.23046899693370088,2.7270741787006365,5428
17.53033322802294,4.335023923474162,0.9952687447483575,34.357459604036094,18.069103277598728,2.1231776252370276,13,4.694546594884197,1.5785908761210488,0.5304689969337009,1.6020741787006365,5429
10.030333228022936,9.33502392347416,0.24526874474835747,49.357459604036094,28.069103277598728,7.123177625237027,13,1.694546594884197,3.128590876121049,1.7304689969337013,3.1020741787006365,5430
6.280333228022937,6.835023923474162,1.3702687447483577,41.857459604036094,23.069103277598728,9.623177625237027,13,3.1945465948841965,3.9035908761210494,1.130468996933701,0.8520741787006365,5431
13.780333228022938,11.83502392347416,0.6202687447483575,26.857459604036098,33.06910327759873,4.623177625237027,13,6.194546594884197,2.353590876121049,2.330468996933701,2.3520741787006365,5432
12.842833228022936,12.46002392347416,1.2765187447483577,47.482459604036094,29.319103277598728,3.9981776252370267,13,5.069546594884197,4.097340876121049,0.38046899693370084,3.2895741787006365,5433
5.342833228022937,7.460023923474162,0.5265187447483575,32.482459604036094,19.319103277598728,8.998177625237027,13,2.069546594884197,2.5473408761210488,1.5804689969337011,1.7895741787006365,5434
9.092833228022936,4.960023923474162,0.9015187447483575,54.982459604036094,24.319103277598728,6.498177625237027,13,3.5695465948841965,1.7723408761210488,0.9804689969337008,1.0395741787006365,5435
16.59283322802294,9.96002392347416,0.15151874474835747,39.982459604036094,34.31910327759873,11.498177625237027,13,6.569546594884197,3.3223408761210487,2.180468996933701,2.5395741787006365,5436
14.717833228022938,6.210023923474162,0.7140187447483575,43.732459604036094,26.819103277598728,2.7481776252370276,13,4.319546594884197,2.934840876121049,0.6804689969337008,1.4145741787006365,5437
7.217833228022937,11.21002392347416,1.4640187447483577,28.732459604036098,16.819103277598728,7.748177625237027,13,1.319546594884197,1.384840876121049,1.8804689969337012,2.9145741787006365,5438
18.46783322802294,3.7100239234741617,0.33901874474835747,51.232459604036094,31.81910327759873,10.248177625237027,13,2.819546594884197,3.709840876121049,1.2804689969337009,0.6645741787006365,5439
10.967833228022936,8.71002392347416,1.0890187447483575,36.232459604036094,21.819103277598728,5.248177625237027,13,5.819546594884197,2.1598408761210486,2.480468996933701,2.1645741787006365,5440
11.085020728022936,12.06939892347416,0.30386249474835747,32.248084604036094,34.78785327759873,4.545052625237027,13,1.835171594884197,1.263747126121049,1.149218996933701,0.5942616787006365,5441
18.58502072802294,7.069398923474162,1.0538624947483575,47.248084604036094,24.787853277598728,9.545052625237027,13,4.835171594884197,2.813747126121049,2.349218996933701,2.0942616787006365,5442
7.335020728022937,4.569398923474162,0.6788624947483575,39.748084604036094,19.787853277598728,7.045052625237027,13,6.335171594884197,2.0387471261210486,0.5492189969337009,1.3442616787006365,5443
14.835020728022938,9.56939892347416,1.4288624947483577,54.748084604036094,29.787853277598728,2.0450526252370276,13,3.3351715948841965,3.588747126121049,1.749218996933701,2.8442616787006365,5444
16.71002072802294,5.819398923474162,0.8663624947483575,28.498084604036098,22.287853277598728,3.2950526252370276,13,2.585171594884197,2.4262471261210488,1.4492189969337008,0.9692616787006365,5445
9.210020728022936,10.81939892347416,0.11636249474835747,43.498084604036094,32.28785327759873,8.295052625237027,13,5.585171594884197,3.976247126121049,0.24921899693370086,2.4692616787006365,5446
5.460020728022937,3.3193989234741617,1.2413624947483577,35.998084604036094,17.287853277598728,10.795052625237027,13,1.0851715948841973,3.2012471261210487,0.8492189969337008,3.2192616787006365,5447
12.960020728022936,8.31939892347416,0.49136249474835747,50.998084604036094,27.287853277598728,5.795052625237027,13,4.085171594884197,1.6512471261210488,2.049218996933701,1.7192616787006365,5448
13.897520728022938,5.194398923474162,1.3351124947483577,45.373084604036094,23.537853277598728,5.170052625237027,13,1.460171594884197,3.3949971261210488,1.299218996933701,0.7817616787006365,5449
6.397520728022937,10.19439892347416,0.5851124947483575,30.373084604036098,33.53785327759873,10.170052625237027,13,4.460171594884197,1.844997126121049,2.4992189969337013,2.2817616787006365,5450
10.147520728022936,2.6943989234741617,0.9601124947483575,52.873084604036094,28.537853277598728,7.670052625237027,13,5.960171594884197,2.619997126121049,0.6992189969337008,1.5317616787006365,5451
17.64752072802294,7.694398923474162,0.21011249474835747,37.873084604036094,18.53785327759873,2.6700526252370276,13,2.9601715948841965,4.169997126121049,1.8992189969337012,3.0317616787006365,5452
15.772520728022938,3.9443989234741617,0.39761249474835747,49.123084604036094,31.03785327759873,11.420052625237027,13,2.210171594884197,2.232497126121049,0.9992189969337009,1.1567616787006365,5453
8.272520728022936,8.94439892347416,1.1476124947483577,34.123084604036094,21.037853277598728,6.420052625237027,13,5.210171594884197,3.782497126121049,2.199218996933701,2.6567616787006365,5454
19.52252072802294,6.444398923474162,0.02261249474835747,26.623084604036098,26.037853277598728,8.920052625237027,13,6.710171594884197,1.4574971261210488,0.3992189969337009,0.40676167870063645,5455
12.022520728022936,11.44439892347416,0.7726124947483575,41.623084604036094,16.037853277598728,3.9200526252370267,13,3.7101715948841965,3.0074971261210486,1.5992189969337012,1.9067616787006365,5456
12.491270728022936,6.756898923474162,0.5382374947483575,36.935584604036094,30.412853277598728,6.107552625237027,13,4.647671594884197,3.6856221261210487,1.8242189969337013,2.5630116787006365,5457
19.99127072802294,11.75689892347416,1.2882374947483577,51.935584604036094,20.412853277598728,11.107552625237027,13,1.647671594884197,2.135622126121049,0.6242189969337009,1.0630116787006365,5458
8.741270728022936,4.256898923474162,0.16323749474835747,29.435584604036098,25.412853277598728,3.6075526252370267,13,3.1476715948841965,2.9106221261210488,2.424218996933701,1.8130116787006365,5459
16.24127072802294,9.25689892347416,0.9132374947483575,44.435584604036094,15.412853277598728,8.607552625237027,13,6.147671594884197,1.360622126121049,1.224218996933701,0.31301167870063645,5460
18.11627072802294,3.0068989234741617,1.1007374947483577,40.685584604036094,27.912853277598728,9.857552625237027,13,5.397671594884197,1.7481221261210487,2.1242189969337013,2.1880116787006365,5461
10.616270728022936,8.00689892347416,0.35073749474835747,25.685584604036098,17.912853277598728,4.857552625237027,13,2.397671594884197,3.298122126121049,0.9242189969337008,0.6880116787006365,5462
6.866270728022937,5.506898923474162,0.7257374947483575,33.185584604036094,32.91285327759873,2.3575526252370276,13,3.8976715948841965,4.073122126121049,0.3242189969337009,2.9380116787006365,5463
14.366270728022938,10.50689892347416,1.4757374947483577,48.185584604036094,22.912853277598728,7.357552625237027,13,6.897671594884197,2.5231221261210486,1.524218996933701,1.4380116787006365,5464
13.428770728022938,3.6318989234741617,1.0069874947483575,27.560584604036098,19.162853277598728,7.982552625237027,13,4.272671594884197,3.879372126121049,1.9742189969337012,2.7505116787006365,5465
5.928770728022937,8.63189892347416,0.25698749474835747,42.560584604036094,29.162853277598728,2.9825526252370276,13,1.272671594884197,2.329372126121049,0.7742189969337008,1.2505116787006365,5466
9.678770728022936,6.131898923474162,1.3819874947483577,50.060584604036094,34.16285327759873,5.482552625237027,13,2.772671594884197,1.5543721261210488,0.17421899693370085,2.0005116787006365,5467
17.17877072802294,11.13189892347416,0.6319874947483575,35.060584604036094,24.162853277598728,10.482552625237027,13,5.772671594884197,3.104372126121049,1.3742189969337009,0.5005116787006365,5468
15.303770728022938,4.881898923474162,0.06948749474835747,53.810584604036094,16.662853277598728,9.232552625237027,13,5.022671594884197,2.716872126121049,1.6742189969337011,2.3755116787006365,5469
7.803770728022937,9.88189892347416,0.8194874947483575,38.810584604036094,26.662853277598728,4.232552625237027,13,2.022671594884197,1.1668721261210488,0.47421899693370084,0.8755116787006365,5470
19.05377072802294,12.38189892347416,0.44448749474835747,46.310584604036094,21.662853277598728,11.732552625237027,13,3.5226715948841965,3.491872126121049,2.274218996933701,3.1255116787006365,5471
11.553770728022936,7.381898923474162,1.1944874947483577,31.310584604036098,31.66285327759873,6.732552625237027,13,6.522671594884197,1.9418721261210488,1.0742189969337008,1.6255116787006365,5472
11.319395728022936,4.725648923474162,0.9366749947483575,48.654334604036094,25.725353277598728,10.951302625237027,13,3.4289215948841965,2.2809346261210486,2.161718996933701,0.7348866787006365,5473
18.81939572802294,9.72564892347416,0.18667499474835747,33.654334604036094,15.725353277598728,5.951302625237027,13,6.428921594884197,3.8309346261210493,0.9617189969337008,2.2348866787006365,5474
7.569395728022937,12.22564892347416,1.3116749947483577,26.154334604036098,30.725353277598728,3.4513026252370276,13,4.928921594884197,3.055934626121049,1.561718996933701,1.4848866787006365,5475
15.069395728022938,7.225648923474162,0.5616749947483575,41.154334604036094,20.725353277598728,8.451302625237027,13,1.928921594884197,1.505934626121049,0.3617189969337009,2.9848866787006365,5476
16.94439572802294,3.4756489234741617,1.4991749947483577,44.904334604036094,28.225353277598728,7.201302625237027,13,4.178921594884197,1.1184346261210487,2.461718996933701,1.1098866787006365,5477
9.444395728022936,8.47564892347416,0.7491749947483575,29.904334604036098,18.22535327759873,2.2013026252370276,13,1.1789215948841973,2.6684346261210488,1.2617189969337008,2.6098866787006365,5478
5.694395728022937,5.975648923474162,0.37417499474835747,52.404334604036094,23.225353277598728,4.701302625237027,13,5.678921594884197,1.8934346261210488,1.8617189969337011,0.35988667870063645,5479
13.194395728022938,10.97564892347416,1.1241749947483577,37.404334604036094,33.22535327759873,9.701302625237027,13,2.678921594884197,3.4434346261210487,0.6617189969337008,1.8598866787006365,5480
14.131895728022938,2.8506489234741617,0.6554249947483575,28.029334604036098,16.975353277598728,9.076302625237027,13,3.0539215948841965,2.087184626121049,0.2117189969337009,0.9223866787006365,5481
6.631895728022937,7.850648923474162,1.4054249947483577,43.029334604036094,26.975353277598728,4.076302625237027,13,6.053921594884197,3.6371846261210488,1.411718996933701,2.4223866787006365,5482
10.381895728022936,5.350648923474162,0.28042499474835747,35.529334604036094,21.975353277598728,11.576302625237027,13,4.553921594884197,1.3121846261210488,2.011718996933701,1.6723866787006365,5483
17.88189572802294,10.35064892347416,1.0304249947483575,50.529334604036094,31.97535327759873,6.576302625237027,13,1.553921594884197,2.862184626121049,0.8117189969337009,3.1723866787006365,5484
16.00689572802294,6.600648923474162,1.2179249947483577,31.779334604036098,19.475353277598728,7.826302625237027,13,3.8039215948841965,3.249684626121049,2.3117189969337013,1.2973866787006365,5485
8.506895728022936,11.60064892347416,0.46792499474835747,46.779334604036094,29.475353277598728,2.8263026252370276,13,6.803921594884197,1.6996846261210488,1.111718996933701,2.7973866787006365,5486
19.75689572802294,4.100648923474162,0.8429249947483575,39.279334604036094,34.47535327759873,5.326302625237027,13,5.303921594884197,2.474684626121049,1.7117189969337012,0.5473866787006365,5487
12.256895728022936,9.10064892347416,0.09292499474835747,54.279334604036094,24.475353277598728,10.326302625237027,13,2.303921594884197,4.024684626121049,0.5117189969337008,2.0473866787006365,5488
11.788145728022936,4.413148923474162,1.4522999947483577,53.341834604036094,21.350353277598728,2.5138026252370276,13,6.241421594884197,1.7965596261210488,0.43671899693370086,2.5161366787006365,5489
19.28814572802294,9.41314892347416,0.7022999947483575,38.341834604036094,31.35035327759873,7.513802625237027,13,3.2414215948841965,3.346559626121049,1.6367189969337013,1.0161366787006365,5490
8.038145728022936,6.913148923474162,1.0772999947483575,45.841834604036094,16.350353277598728,10.013802625237027,13,1.741421594884197,4.12155962612105,1.036718996933701,1.7661366787006365,5491
15.538145728022938,11.91314892347416,0.32729999474835747,30.841834604036098,26.350353277598728,5.013802625237027,13,4.741421594884197,2.571559626121049,2.236718996933701,3.2661366787006365,5492
17.41314572802294,5.663148923474162,0.5147999947483575,27.091834604036098,33.85035327759873,3.7638026252370267,13,0.9914215948841975,3.734059626121049,0.7367189969337008,2.1411366787006365,5493
9.913145728022936,10.66314892347416,1.2647999947483577,42.091834604036094,23.850353277598728,8.763802625237027,13,3.9914215948841965,2.1840596261210488,1.936718996933701,0.6411366787006365,5494
6.163145728022937,3.1631489234741617,0.13979999474835747,49.591834604036094,18.85035327759873,6.263802625237027,13,2.491421594884197,2.959059626121049,1.336718996933701,2.8911366787006365,5495
13.663145728022938,8.16314892347416,0.8897999947483575,34.591834604036094,28.850353277598728,11.263802625237027,13,5.491421594884197,1.4090596261210488,0.13671899693370088,1.3911366787006365,5496
12.725645728022936,6.288148923474162,0.23354999474835747,40.216834604036094,32.60035327759873,11.888802625237027,13,5.866421594884197,2.7653096261210486,0.8867189969337008,2.7036366787006365,5497
5.225645728022937,11.28814892347416,0.9835499947483575,25.216834604036098,22.600353277598728,6.888802625237027,13,2.866421594884197,1.2153096261210488,2.086718996933701,1.2036366787006365,5498
8.975645728022936,3.7881489234741617,0.6085499947483575,32.716834604036094,27.600353277598728,9.388802625237027,13,1.366421594884197,3.540309626121049,1.486718996933701,1.9536366787006365,5499
16.47564572802294,8.78814892347416,1.3585499947483577,47.716834604036094,17.600353277598728,4.388802625237027,13,4.366421594884197,1.9903096261210487,0.28671899693370084,0.45363667870063645,5500
