HBO1,HHB1,CCO1,HBO2,HHB2,CCO2,d1,a1,a2,b1,b2,ID
14.209715552241688,6.363222165661662,9.47264937905155,31.506507455598598,21.991222418223728,12.278328992424527,10.0,5.499034413712111,3.4764020930445723,1.1385831710855092,0.6018047524186574,9001
6.709715552241687,11.36322216566166,4.47264937905155,46.506507455598594,31.99122241822373,7.278328992424527,15.0,2.4990344137121103,1.926402093044572,2.338583171085509,2.101804752418657,9002
10.459715552241686,3.8632221656616617,11.972649379051552,39.006507455598594,16.991222418223728,9.778328992424527,13.0,3.9990344137121103,1.151402093044572,0.5385831710855091,1.3518047524186574,9003
17.95971555224169,8.86322216566166,6.97264937905155,54.006507455598594,26.991222418223728,4.778328992424527,18.0,0.9990344137121104,2.701402093044572,1.7385831710855093,2.851804752418657,9004
16.08471555224169,2.6132221656616617,3.22264937905155,35.256507455598594,34.49122241822373,6.028328992424527,19.0,1.7490344137121103,3.0889020930445725,0.23858317108550917,1.7268047524186574,9005
8.584715552241686,7.613222165661662,8.22264937905155,50.256507455598594,24.491222418223728,11.028328992424527,14.0,4.749034413712111,1.538902093044572,1.4385831710855093,3.226804752418657,9006
19.83471555224169,5.113222165661662,5.72264937905155,42.756507455598594,19.491222418223728,8.528328992424527,12.0,6.249034413712112,3.8639020930445724,0.8385831710855092,0.9768047524186574,9007
12.334715552241686,10.11322216566166,10.722649379051552,27.756507455598598,29.491222418223728,3.5283289924245276,17.0,3.2490344137121103,2.313902093044572,2.038583171085509,2.476804752418657,9008
11.865965552241686,4.800722165661662,4.78514937905155,51.194007455598594,16.366222418223728,11.340828992424527,15.0,4.936534413712111,2.410777093044572,1.2135831710855092,2.758054752418657,9009
19.36596555224169,9.80072216566166,9.78514937905155,36.194007455598594,26.366222418223728,6.340828992424527,20.0,1.9365344137121103,3.9607770930445723,2.4135831710855093,1.2580547524186574,9010
8.115965552241686,12.30072216566166,7.28514937905155,43.694007455598594,21.366222418223728,3.8408289924245276,17.0,3.4365344137121103,1.635777093044572,1.8135831710855093,2.008054752418657,9011
15.615965552241688,7.300722165661662,12.285149379051552,28.694007455598598,31.36622241822373,8.840828992424527,12.0,6.436534413712112,3.1857770930445724,0.6135831710855091,0.5080547524186574,9012
17.49096555224169,3.5507221656616617,8.53514937905155,54.944007455598594,18.86622241822373,7.590828992424527,14.0,2.6865344137121103,2.798277093044572,2.113583171085509,2.383054752418657,9013
9.990965552241686,8.55072216566166,3.53514937905155,39.944007455598594,28.866222418223728,2.5908289924245276,19.0,5.686534413712111,1.2482770930445721,0.9135831710855091,0.8830547524186574,9014
6.240965552241687,6.050722165661662,11.035149379051552,47.444007455598594,33.86622241822373,5.090828992424527,16.0,1.1865344137121103,2.0232770930445723,1.5135831710855092,3.133054752418657,9015
13.740965552241688,11.05072216566166,6.03514937905155,32.444007455598594,23.866222418223728,10.090828992424527,11.0,4.186534413712111,3.5732770930445725,0.31358317108550915,1.6330547524186574,9016
12.803465552241686,2.9257221656616617,11.660149379051552,41.819007455598594,27.616222418223728,9.465828992424527,16.0,1.5615344137121103,2.604527093044572,1.3635831710855093,1.8205547524186574,9017
5.303465552241687,7.925722165661662,6.66014937905155,26.819007455598598,17.616222418223728,4.465828992424527,11.0,4.561534413712111,4.154527093044573,0.16358317108550918,0.32055475241865733,9018
9.053465552241686,5.425722165661662,9.16014937905155,34.319007455598594,32.61622241822373,11.965828992424527,18.0,3.0615344137121103,1.8295270930445722,1.9635831710855092,1.0705547524186574,9019
16.55346555224169,10.42572216566166,4.16014937905155,49.319007455598594,22.616222418223728,6.965828992424527,13.0,6.061534413712111,3.3795270930445724,0.7635831710855091,2.570554752418657,9020
14.678465552241688,6.675722165661662,5.41014937905155,38.069007455598594,30.116222418223728,8.215828992424527,14.0,3.8115344137121103,2.217027093044572,2.263583171085509,0.6955547524186574,9021
7.178465552241687,11.67572216566166,10.41014937905155,53.069007455598594,20.116222418223728,3.2158289924245276,19.0,6.811534413712112,3.7670270930445726,1.0635831710855093,2.195554752418657,9022
18.42846555224169,4.175722165661662,2.91014937905155,30.569007455598598,25.116222418223728,5.715828992424527,17.0,5.311534413712111,1.442027093044572,1.6635831710855091,1.4455547524186574,9023
10.928465552241686,9.17572216566166,7.91014937905155,45.569007455598594,15.116222418223728,10.715828992424527,12.0,2.3115344137121103,2.9920270930445723,0.46358317108550917,2.945554752418657,9024
11.045653052241686,3.1600971656616617,2.67577437905155,26.584632455598598,20.897472418223728,10.012703992424527,18.0,6.295909413712112,1.999058343044572,1.7573331710855091,1.0939922524186574,9025
18.54565305224169,8.16009716566166,7.67577437905155,41.584632455598594,30.897472418223728,5.012703992424527,13.0,3.2959094137121103,3.5490583430445724,0.5573331710855092,2.593992252418657,9026
7.295653052241687,5.660097165661662,5.17577437905155,49.084632455598594,15.897472418223728,2.5127039924245276,11.0,1.7959094137121103,2.774058343044572,2.357333171085509,1.8439922524186574,9027
14.795653052241688,10.66009716566166,10.17577437905155,34.084632455598594,25.897472418223728,7.512703992424527,16.0,4.795909413712111,1.224058343044572,1.1573331710855093,0.34399225241865733,9028
16.67065305224169,6.910097165661662,8.92577437905155,52.834632455598594,33.39747241822373,8.762703992424527,20.0,4.045909413712111,1.611558343044572,2.057333171085509,1.4689922524186574,9029
9.170653052241686,11.91009716566166,3.92577437905155,37.834632455598594,23.397472418223728,3.7627039924245276,15.0,1.0459094137121103,3.1615583430445726,0.8573331710855091,2.968992252418657,9030
5.420653052241687,4.410097165661662,11.425774379051552,45.334632455598594,18.39747241822373,6.262703992424527,12.0,5.545909413712111,2.3865583430445723,1.4573331710855093,0.7189922524186574,9031
12.920653052241686,9.41009716566166,6.42577437905155,30.334632455598598,28.397472418223728,11.262703992424527,17.0,2.5459094137121103,3.9365583430445725,0.2573331710855092,2.218992252418657,9032
13.858153052241688,5.035097165661662,10.800774379051552,35.959632455598594,32.14747241822373,10.637703992424527,19.0,5.920909413712111,1.417808343044572,1.6073331710855092,2.031492252418657,9033
6.358153052241687,10.03509716566166,5.80077437905155,50.959632455598594,22.147472418223728,5.637703992424527,14.0,2.9209094137121103,2.9678083430445725,0.40733317108550915,0.5314922524186574,9034
10.108153052241686,2.5350971656616617,8.30077437905155,28.459632455598598,27.147472418223728,3.1377039924245276,11.0,4.420909413712111,2.192808343044572,2.207333171085509,2.781492252418657,9035
17.60815305224169,7.535097165661662,3.30077437905155,43.459632455598594,17.147472418223728,8.137703992424527,16.0,1.4209094137121103,3.7428083430445724,1.0073331710855091,1.2814922524186574,9036
15.733153052241688,3.7850971656616617,7.05077437905155,39.709632455598594,24.647472418223728,6.887703992424527,10.0,2.1709094137121103,1.805308343044572,1.9073331710855093,3.156492252418657,9037
8.233153052241686,8.78509716566166,12.050774379051552,54.709632455598594,34.64747241822373,11.887703992424527,15.0,5.170909413712111,3.3553083430445723,0.7073331710855091,1.6564922524186574,9038
19.48315305224169,6.285097165661662,4.55077437905155,32.209632455598594,29.647472418223728,4.387703992424527,13.0,6.670909413712112,2.580308343044572,1.3073331710855092,2.406492252418657,9039
11.983153052241686,11.28509716566166,9.55077437905155,47.209632455598594,19.647472418223728,9.387703992424527,18.0,3.6709094137121103,4.130308343044573,0.10733317108550917,0.9064922524186574,9040
12.451903052241686,5.972597165661662,5.48827437905155,46.272132455598594,26.522472418223728,11.575203992424527,14.0,4.983409413712111,1.320933343044572,0.7823331710855091,1.3752422524186574,9041
19.95190305224169,10.97259716566166,10.48827437905155,31.272132455598598,16.522472418223728,6.575203992424527,19.0,1.9834094137121103,2.8709333430445723,1.9823331710855092,2.875242252418657,9042
8.701903052241686,3.4725971656616617,2.98827437905155,53.772132455598594,31.52247241822373,9.075203992424527,16.0,3.4834094137121103,3.6459333430445726,0.18233317108550917,0.6252422524186574,9043
16.20190305224169,8.47259716566166,7.98827437905155,38.772132455598594,21.522472418223728,4.075203992424527,11.0,6.483409413712112,2.095933343044572,1.3823331710855091,2.125242252418657,9044
18.07690305224169,12.22259716566166,11.738274379051552,50.022132455598594,29.022472418223728,5.325203992424527,15.0,2.7334094137121103,4.033433343044573,0.4823331710855092,1.0002422524186574,9045
10.576903052241686,7.222597165661662,6.73827437905155,35.022132455598594,19.022472418223728,10.325203992424527,20.0,5.733409413712111,2.483433343044572,1.6823331710855092,2.500242252418657,9046
6.826903052241687,4.722597165661662,9.23827437905155,27.522132455598598,24.022472418223728,7.825203992424527,17.0,1.2334094137121103,3.2584333430445724,1.082333171085509,1.7502422524186574,9047
14.326903052241688,9.72259716566166,4.23827437905155,42.522132455598594,34.02247241822373,2.8252039924245276,12.0,4.233409413712111,1.7084333430445722,2.2823331710855093,3.250242252418657,9048
13.389403052241688,4.097597165661662,7.36327437905155,33.147132455598594,17.772472418223728,3.4502039924245276,14.0,6.858409413712112,3.8396833430445723,0.6323331710855091,3.062742252418657,9049
5.889403052241687,9.09759716566166,12.363274379051552,48.147132455598594,27.772472418223728,8.450203992424527,19.0,3.8584094137121103,2.289683343044572,1.8323331710855093,1.5627422524186574,9050
9.639403052241686,6.597597165661662,9.86327437905155,40.647132455598594,22.772472418223728,10.950203992424527,17.0,2.3584094137121103,3.0646833430445724,2.432333171085509,2.312742252418657,9051
17.13940305224169,11.59759716566166,4.86327437905155,25.647132455598598,32.77247241822373,5.950203992424527,12.0,5.358409413712111,1.514683343044572,1.2323331710855092,0.8127422524186574,9052
15.264403052241688,5.347597165661662,3.61327437905155,29.397132455598598,20.272472418223728,4.700203992424527,15.0,3.1084094137121103,1.1271833430445721,0.3323331710855092,1.9377422524186574,9053
7.764403052241687,10.34759716566166,8.61327437905155,44.397132455598594,30.272472418223728,9.700203992424527,10.0,6.108409413712112,2.677183343044572,1.5323331710855093,0.43774225241865733,9054
19.01440305224169,2.8475971656616617,6.11327437905155,36.897132455598594,15.272472418223728,7.200203992424527,18.0,4.608409413712111,3.4521833430445725,0.9323331710855092,2.687742252418657,9055
11.514403052241686,7.847597165661662,11.113274379051552,51.897132455598594,25.272472418223728,12.200203992424527,13.0,1.6084094137121103,1.902183343044572,2.1323331710855093,1.1877422524186574,9056
11.280028052241686,5.503847165661662,8.14452437905155,39.240882455598594,29.959972418223728,6.418953992424527,16.0,3.9521594137121103,3.4037458430445726,1.7198331710855093,0.48461725241865733,9057
18.78002805224169,10.50384716566166,3.14452437905155,54.240882455598594,19.959972418223728,11.418953992424527,11.0,0.9521594137121104,1.853745843044572,0.5198331710855092,1.9846172524186574,9058
7.530028052241687,3.0038471656616617,10.644524379051552,31.740882455598598,24.959972418223728,8.918953992424527,13.0,5.452159413712111,4.178745843044572,2.3198331710855093,1.2346172524186574,9059
15.030028052241688,8.00384716566166,5.64452437905155,46.740882455598594,34.95997241822373,3.9189539924245276,18.0,2.4521594137121103,2.6287458430445723,1.1198331710855092,2.734617252418657,9060
16.90502805224169,4.253847165661662,4.39452437905155,35.490882455598594,27.459972418223728,2.6689539924245276,17.0,6.202159413712112,3.0162458430445724,2.019833171085509,1.6096172524186574,9061
9.405028052241686,9.25384716566166,9.39452437905155,50.490882455598594,17.459972418223728,7.668953992424527,12.0,3.2021594137121103,1.4662458430445722,0.8198331710855091,3.109617252418657,9062
5.655028052241687,6.753847165661662,6.89452437905155,27.990882455598598,32.45997241822373,10.168953992424527,14.0,1.7021594137121103,3.7912458430445724,1.4198331710855092,0.8596172524186574,9063
13.155028052241688,11.75384716566166,11.894524379051552,42.990882455598594,22.459972418223728,5.168953992424527,19.0,4.702159413712111,2.241245843044572,0.21983317108550918,2.359617252418657,9064
14.092528052241688,12.37884716566166,5.01952437905155,52.365882455598594,18.70997241822373,4.543953992424527,16.0,2.0771594137121103,3.2099958430445725,1.5698331710855091,2.547117252418657,9065
6.592528052241687,7.378847165661662,10.01952437905155,37.365882455598594,28.709972418223728,9.543953992424527,11.0,5.077159413712111,1.659995843044572,0.36983317108550917,1.0471172524186574,9066
10.342528052241686,4.878847165661662,2.51952437905155,44.865882455598594,33.70997241822373,7.043953992424527,14.0,6.577159413712112,3.9849958430445724,2.169833171085509,3.297117252418657,9067
17.84252805224169,9.87884716566166,7.51952437905155,29.865882455598598,23.709972418223728,12.043953992424527,19.0,3.5771594137121103,2.434995843044572,0.9698331710855091,1.7971172524186574,9068
15.967528052241688,6.128847165661662,11.269524379051552,26.115882455598598,16.209972418223728,3.2939539924245276,18.0,5.827159413712111,3.5974958430445723,1.8698331710855092,2.922117252418657,9069
8.467528052241686,11.12884716566166,6.26952437905155,41.115882455598594,26.209972418223728,8.293953992424527,13.0,2.8271594137121103,2.047495843044572,0.6698331710855091,1.4221172524186574,9070
19.71752805224169,3.6288471656616617,8.76952437905155,48.615882455598594,21.209972418223728,10.793953992424527,15.0,4.327159413712111,1.272495843044572,1.2698331710855093,2.172117252418657,9071
12.217528052241686,8.62884716566166,3.76952437905155,33.615882455598594,31.20997241822373,5.793953992424527,10.0,1.3271594137121103,2.822495843044572,2.4698331710855093,0.6721172524186574,9072
11.748778052241686,3.3163471656616617,10.33202437905155,28.928382455598598,15.584972418223728,7.981453992424527,11.0,3.0146594137121103,2.725620843044572,0.8948331710855091,1.5158672524186574,9073
19.24877805224169,8.31634716566166,5.33202437905155,43.928382455598594,25.584972418223728,2.9814539924245276,16.0,6.014659413712111,1.175620843044572,2.0948331710855093,3.015867252418657,9074
7.998778052241687,5.816347165661662,7.83202437905155,36.428382455598594,20.584972418223728,5.481453992424527,18.0,1.5146594137121103,1.9506208430445722,0.29483317108550916,0.7658672524186574,9075
15.498778052241688,10.81634716566166,2.83202437905155,51.428382455598594,30.584972418223728,10.481453992424527,13.0,4.514659413712111,3.5006208430445724,1.4948331710855092,2.265867252418657,9076
17.37377805224169,4.566347165661662,6.58202437905155,32.678382455598594,23.084972418223728,9.231453992424527,12.0,5.264659413712111,2.338120843044572,0.5948331710855091,0.39086725241865733,9077
9.873778052241686,9.56634716566166,11.582024379051552,47.678382455598594,33.08497241822373,4.231453992424527,17.0,2.2646594137121103,3.8881208430445726,1.7948331710855092,1.8908672524186574,9078
6.123778052241687,12.06634716566166,4.08202437905155,40.178382455598594,18.084972418223728,11.731453992424527,20.0,3.7646594137121103,1.563120843044572,1.1948331710855091,1.1408672524186574,9079
13.623778052241688,7.066347165661662,9.08202437905155,25.178382455598598,28.084972418223728,6.731453992424527,15.0,6.764659413712112,3.1131208430445723,2.394833171085509,2.640867252418657,9080
12.686278052241686,6.441347165661662,3.45702437905155,49.553382455598594,24.334972418223728,7.356453992424527,12.0,3.3896594137121103,2.531870843044572,0.7448331710855092,2.828367252418657,9081
5.186278052241687,11.44134716566166,8.45702437905155,34.553382455598594,34.33497241822373,12.356453992424527,17.0,6.389659413712112,4.081870843044572,1.9448331710855091,1.3283672524186574,9082
8.936278052241686,3.9413471656616617,5.95702437905155,27.053382455598598,29.334972418223728,4.856453992424527,19.0,4.889659413712111,1.756870843044572,0.14483317108550917,2.078367252418657,9083
16.43627805224169,8.94134716566166,10.957024379051552,42.053382455598594,19.334972418223728,9.856453992424527,14.0,1.8896594137121103,3.3068708430445724,1.3448331710855093,0.5783672524186574,9084
14.561278052241688,2.6913471656616617,9.70702437905155,45.803382455598594,31.83497241822373,11.106453992424527,13.0,1.1396594137121103,2.919370843044572,0.4448331710855091,2.453367252418657,9085
7.061278052241687,7.691347165661662,4.70702437905155,30.803382455598598,21.834972418223728,6.106453992424527,18.0,4.139659413712111,1.3693708430445721,1.6448331710855093,0.9533672524186574,9086
18.31127805224169,5.191347165661662,12.207024379051552,53.303382455598594,26.834972418223728,3.6064539924245276,10.0,2.6396594137121103,2.1443708430445723,1.0448331710855092,3.203367252418657,9087
10.811278052241686,10.19134716566166,7.20702437905155,38.303382455598594,16.834972418223728,8.606453992424527,15.0,5.639659413712111,3.6943708430445725,2.244833171085509,1.7033672524186574,9088
10.752684302241686,3.8241596656616617,9.27733687905155,51.779944955598594,25.819347418223728,5.833016492424527,19.0,4.772471913712111,3.6096052180445724,2.310458171085509,0.37914850241865733,9089
18.25268430224169,8.82415966566166,4.27733687905155,36.779944955598594,15.819347418223728,10.833016492424527,14.0,1.7724719137121103,2.059605218044572,1.1104581710855093,1.8791485024186574,9090
7.002684302241687,6.324159665661662,11.777336879051552,44.279944955598594,30.819347418223728,8.333016492424527,11.0,3.2724719137121103,1.284605218044572,1.7104581710855091,1.1291485024186574,9091
14.502684302241688,11.32415966566166,6.77733687905155,29.279944955598598,20.819347418223728,3.3330164924245276,16.0,6.272471913712112,2.834605218044572,0.5104581710855092,2.629148502418657,9092
16.37768430224169,5.074159665661662,3.02733687905155,25.529944955598598,28.319347418223728,12.083016492424527,10.0,2.5224719137121103,3.2221052180445726,1.4104581710855093,1.5041485024186574,9093
8.877684302241686,10.07415966566166,8.02733687905155,40.529944955598594,18.31934741822373,7.083016492424527,15.0,5.522471913712111,1.672105218044572,0.21045817108550918,3.004148502418657,9094
5.127684302241687,2.5741596656616617,5.52733687905155,48.029944955598594,23.319347418223728,9.583016492424527,13.0,1.0224719137121103,3.9971052180445725,2.010458171085509,0.7541485024186574,9095
12.627684302241686,7.574159665661662,10.527336879051552,33.029944955598594,33.31934741822373,4.583016492424527,18.0,4.022471913712111,2.4471052180445723,0.8104581710855091,2.254148502418657,9096
13.565184302241688,6.949159665661662,6.15233687905155,42.404944955598594,17.069347418223728,5.208016492424527,18.0,1.3974719137121103,3.0283552180445725,2.160458171085509,2.441648502418657,9097
6.065184302241687,11.94915966566166,11.152336879051552,27.404944955598598,27.069347418223728,10.208016492424527,13.0,4.397471913712111,1.478355218044572,0.9604581710855091,0.9416485024186574,9098
9.815184302241686,4.449159665661662,3.65233687905155,34.904944955598594,22.069347418223728,7.708016492424527,11.0,2.8974719137121103,3.8033552180445724,1.5604581710855092,3.191648502418657,9099
17.31518430224169,9.44915966566166,8.65233687905155,49.904944955598594,32.06934741822373,2.7080164924245276,16.0,5.897471913712111,2.253355218044572,0.36045817108550915,1.6916485024186574,9100
15.440184302241688,3.1991596656616617,9.90233687905155,38.654944955598594,19.569347418223728,3.9580164924245276,20.0,3.6474719137121103,3.4158552180445723,1.2604581710855092,2.816648502418657,9101
7.940184302241687,8.19915966566166,4.90233687905155,53.654944955598594,29.569347418223728,8.958016492424527,15.0,6.647471913712112,1.865855218044572,2.4604581710855093,1.3166485024186574,9102
19.19018430224169,5.699159665661662,7.40233687905155,31.154944955598598,34.56934741822373,11.458016492424527,12.0,5.147471913712111,4.190855218044573,1.8604581710855093,2.066648502418657,9103
11.690184302241686,10.69915966566166,12.402336879051552,46.154944955598594,24.569347418223728,6.458016492424527,17.0,2.1474719137121103,2.640855218044572,0.6604581710855091,0.5666485024186574,9104
12.158934302241686,5.386659665661662,11.464836879051552,47.092444955598594,21.444347418223728,8.645516492424527,14.0,6.834971913712112,2.9314802180445723,0.2854581710855092,1.5978985024186574,9105
19.65893430224169,10.38665966566166,6.46483687905155,32.092444955598594,31.44434741822373,3.6455164924245276,19.0,3.8349719137121103,1.381480218044572,1.4854581710855093,3.097898502418657,9106
8.408934302241686,2.8866596656616617,8.96483687905155,54.592444955598594,16.444347418223728,6.145516492424527,17.0,2.3349719137121103,2.156480218044572,0.8854581710855092,0.8478985024186574,9107
15.908934302241688,7.886659665661662,3.96483687905155,39.592444955598594,26.444347418223728,11.145516492424527,12.0,5.334971913712111,3.7064802180445726,2.085458171085509,2.347898502418657,9108
17.78393430224169,4.136659665661662,5.21483687905155,43.342444955598594,33.94434741822373,9.895516492424527,15.0,4.584971913712111,2.543980218044572,1.1854581710855092,0.47289850241865733,9109
10.283934302241686,9.13665966566166,10.21483687905155,28.342444955598598,23.944347418223728,4.895516492424527,10.0,1.5849719137121103,4.093980218044573,2.385458171085509,1.9728985024186574,9110
6.533934302241687,6.636659665661662,2.71483687905155,50.842444955598594,18.94434741822373,12.395516492424527,18.0,6.084971913712111,1.7689802180445722,0.5854581710855091,1.2228985024186574,9111
14.033934302241688,11.63665966566166,7.71483687905155,35.842444955598594,28.944347418223728,7.395516492424527,13.0,3.0849719137121103,3.3189802180445724,1.7854581710855093,2.722898502418657,9112
13.096434302241688,12.26165966566166,4.58983687905155,30.217444955598598,32.69434741822373,6.770516492424527,14.0,5.709971913712111,2.350230218044572,0.13545817108550917,2.910398502418657,9113
5.596434302241687,7.261659665661662,9.58983687905155,45.217444955598594,22.694347418223728,11.770516492424527,19.0,2.7099719137121103,3.9002302180445723,1.3354581710855091,1.4103985024186574,9114
9.346434302241686,4.761659665661662,7.08983687905155,37.717444955598594,27.694347418223728,4.270516492424527,16.0,4.209971913712111,1.575230218044572,0.7354581710855091,2.160398502418657,9115
16.84643430224169,9.76165966566166,12.089836879051552,52.717444955598594,17.694347418223728,9.270516492424527,11.0,1.2099719137121103,3.1252302180445724,1.9354581710855092,0.6603985024186574,9116
14.971434302241688,6.011659665661662,8.33983687905155,33.967444955598594,25.194347418223728,10.520516492424527,15.0,1.9599719137121103,2.737730218044572,1.035458171085509,2.535398502418657,9117
7.471434302241687,11.01165966566166,3.33983687905155,48.967444955598594,15.194347418223728,5.520516492424527,20.0,4.959971913712111,1.1877302180445721,2.2354581710855093,1.0353985024186574,9118
18.72143430224169,3.5116596656616617,10.839836879051552,41.467444955598594,30.194347418223728,3.0205164924245276,17.0,6.459971913712112,1.962730218044572,0.4354581710855092,3.285398502418657,9119
11.221434302241686,8.51165966566166,5.83983687905155,26.467444955598598,20.194347418223728,8.020516492424527,12.0,3.4599719137121103,3.5127302180445725,1.6354581710855092,1.7853985024186574,9120
11.455809302241686,6.167909665661662,4.12108687905155,39.123694955598594,34.88184741822373,9.426766492424527,16.0,2.6162219137121103,1.817417718044572,2.347958171085509,0.9885235024186574,9121
18.95580930224169,11.16790966566166,9.12108687905155,54.123694955598594,24.881847418223728,4.426766492424527,11.0,5.616221913712111,3.3674177180445724,1.1479581710855091,2.488523502418657,9122
7.705809302241687,3.6679096656616617,6.62108687905155,31.623694955598598,19.881847418223728,11.926766492424527,14.0,1.1162219137121103,2.592417718044572,1.7479581710855092,1.7385235024186574,9123
15.205809302241688,8.66790966566166,11.621086879051552,46.623694955598594,29.881847418223728,6.926766492424527,19.0,4.116221913712111,4.142417718044572,0.5479581710855091,3.238523502418657,9124
17.08080930224169,12.41790966566166,7.87108687905155,42.873694955598594,22.381847418223728,8.176766492424527,17.0,4.866221913712111,1.4299177180445721,1.4479581710855092,1.3635235024186574,9125
9.580809302241686,7.417909665661662,2.87108687905155,27.873694955598598,32.38184741822373,3.1767664924245276,12.0,1.8662219137121103,2.9799177180445726,0.24795817108550916,2.863523502418657,9126
5.830809302241687,4.917909665661662,10.37108687905155,35.373694955598594,17.381847418223728,5.676766492424527,15.0,3.3662219137121103,2.2049177180445723,2.0479581710855093,0.6135235024186574,9127
13.330809302241688,9.91790966566166,5.37108687905155,50.373694955598594,27.381847418223728,10.676766492424527,20.0,6.366221913712112,3.7549177180445725,0.8479581710855091,2.113523502418657,9128
14.268309302241688,4.292909665661662,12.246086879051552,25.998694955598598,23.631847418223728,11.301766492424527,16.0,3.7412219137121103,1.623667718044572,2.197958171085509,1.9260235024186574,9129
6.768309302241687,9.29290966566166,7.24608687905155,40.998694955598594,33.63184741822373,6.301766492424527,11.0,6.741221913712112,3.1736677180445723,0.9979581710855091,0.42602350241865733,9130
10.518309302241686,6.792909665661662,9.74608687905155,48.498694955598594,28.631847418223728,3.8017664924245276,13.0,5.241221913712111,2.398667718044572,1.5979581710855093,2.676023502418657,9131
18.01830930224169,11.79290966566166,4.74608687905155,33.498694955598594,18.63184741822373,8.801766492424527,18.0,2.2412219137121103,3.9486677180445726,0.3979581710855091,1.1760235024186574,9132
16.14330930224169,5.542909665661662,5.99608687905155,52.248694955598594,31.13184741822373,7.551766492424527,17.0,1.4912219137121103,2.011167718044572,1.2979581710855093,3.051023502418657,9133
8.643309302241686,10.54290966566166,10.996086879051552,37.248694955598594,21.131847418223728,2.5517664924245276,12.0,4.491221913712111,3.5611677180445724,2.497958171085509,1.5510235024186574,9134
19.89330930224169,3.0429096656616617,3.49608687905155,44.748694955598594,26.131847418223728,5.051766492424527,14.0,2.9912219137121103,2.786167718044572,1.8979581710855091,2.301023502418657,9135
12.393309302241686,8.04290966566166,8.49608687905155,29.748694955598598,16.131847418223728,10.051766492424527,19.0,5.991221913712111,1.236167718044572,0.6979581710855092,0.8010235024186574,9136
11.924559302241686,2.7304096656616617,6.93358687905155,34.436194955598594,30.506847418223728,12.239266492424527,12.0,4.303721913712111,1.139292718044572,0.17295817108550918,1.4572735024186574,9137
19.42455930224169,7.730409665661662,11.933586879051552,49.436194955598594,20.506847418223728,7.239266492424527,17.0,1.3037219137121103,2.6892927180445723,1.3729581710855092,2.957273502418657,9138
8.174559302241686,5.230409665661662,4.43358687905155,41.936194955598594,25.506847418223728,9.739266492424527,19.0,5.803721913712111,3.4642927180445726,0.7729581710855091,0.7072735024186574,9139
15.674559302241688,10.23040966566166,9.43358687905155,26.936194955598598,15.506847418223728,4.739266492424527,14.0,2.8037219137121103,1.914292718044572,1.972958171085509,2.207273502418657,9140
17.54955930224169,6.480409665661662,10.683586879051552,30.686194955598598,28.006847418223728,5.989266492424527,13.0,6.553721913712112,3.8517927180445724,1.0729581710855092,1.0822735024186574,9141
10.049559302241686,11.48040966566166,5.68358687905155,45.686194955598594,18.006847418223728,10.989266492424527,18.0,3.5537219137121103,2.301792718044572,2.2729581710855093,2.582273502418657,9142
6.299559302241687,3.9804096656616617,8.18358687905155,38.186194955598594,33.00684741822373,8.489266492424527,10.0,2.0537219137121103,3.0767927180445724,0.4729581710855092,1.8322735024186574,9143
13.799559302241688,8.98040966566166,3.18358687905155,53.186194955598594,23.006847418223728,3.4892664924245276,15.0,5.053721913712111,1.5267927180445722,1.6729581710855093,0.33227350241865733,9144
12.862059302241686,4.605409665661662,8.80858687905155,43.811194955598594,19.256847418223728,2.8642664924245276,11.0,1.6787219137121103,4.045542718044572,2.4229581710855093,3.144773502418657,9145
5.362059302241687,9.60540966566166,3.80858687905155,28.811194955598598,29.256847418223728,7.864266492424527,16.0,4.678721913712111,2.495542718044572,1.2229581710855093,1.6447735024186574,9146
9.112059302241686,12.10540966566166,11.308586879051552,51.311194955598594,34.25684741822373,10.364266492424527,18.0,6.178721913712112,3.2705427180445725,0.6229581710855091,2.394773502418657,9147
16.61205930224169,7.105409665661662,6.30858687905155,36.311194955598594,24.256847418223728,5.364266492424527,13.0,3.1787219137121103,1.720542718044572,1.8229581710855092,0.8947735024186574,9148
14.737059302241688,3.3554096656616617,2.55858687905155,47.561194955598594,16.756847418223728,4.114266492424527,12.0,5.428721913712111,1.333042718044572,0.9229581710855091,2.019773502418657,9149
7.237059302241687,8.35540966566166,7.55858687905155,32.561194955598594,26.756847418223728,9.114266492424527,17.0,2.4287219137121103,2.883042718044572,2.122958171085509,0.5197735024186574,9150
18.48705930224169,5.855409665661662,5.05858687905155,25.061194955598598,21.756847418223728,6.614266492424527,20.0,3.9287219137121103,3.6580427180445723,0.32295817108550917,2.769773502418657,9151
10.987059302241686,10.85540966566166,10.05858687905155,40.061194955598594,31.75684741822373,11.614266492424527,15.0,0.9287219137121104,2.108042718044572,1.5229581710855091,1.2697735024186574,9152
10.869871802241686,4.839784665661662,4.82421187905155,28.576819955598598,24.725597418223728,3.5673914924245276,18.0,2.8505969137121103,3.1010114680445726,0.3792081710855092,2.418211002418657,9153
18.36987180224169,9.83978466566166,9.82421187905155,43.576819955598594,34.72559741822373,8.567391492424527,13.0,5.850596913712111,1.5510114680445721,1.5792081710855093,0.9182110024186574,9154
7.119871802241687,12.33978466566166,12.324211879051552,36.076819955598594,29.725597418223728,11.067391492424527,15.0,1.3505969137121103,3.8760114680445725,0.9792081710855092,3.168211002418657,9155
14.619871802241688,7.339784665661662,7.32421187905155,51.076819955598594,19.725597418223728,6.067391492424527,10.0,4.350596913712111,2.3260114680445723,2.1792081710855093,1.6682110024186574,9156
16.49487180224169,3.5897846656616617,11.074211879051552,32.326819955598594,32.22559741822373,4.817391492424527,16.0,5.100596913712111,3.4885114680445724,0.6792081710855091,2.793211002418657,9157
8.994871802241686,8.58978466566166,6.07421187905155,47.326819955598594,22.225597418223728,9.817391492424527,11.0,2.1005969137121103,1.938511468044572,1.8792081710855093,1.2932110024186574,9158
5.244871802241687,6.089784665661662,8.57421187905155,39.826819955598594,27.225597418223728,7.317391492424527,14.0,3.6005969137121103,1.163511468044572,2.479208171085509,2.043211002418657,9159
12.744871802241686,11.08978466566166,3.57421187905155,54.826819955598594,17.225597418223728,12.317391492424527,19.0,6.600596913712112,2.713511468044572,1.2792081710855092,0.5432110024186574,9160
13.682371802241688,2.9647846656616617,7.94921187905155,49.201819955598594,33.47559741822373,11.692391492424527,17.0,3.2255969137121103,3.6822614680445724,0.5292081710855092,0.7307110024186574,9161
6.182371802241687,7.964784665661662,2.94921187905155,34.201819955598594,23.475597418223728,6.692391492424527,12.0,6.225596913712112,2.132261468044572,1.7292081710855092,2.230711002418657,9162
9.932371802241686,5.464784665661662,10.44921187905155,26.701819955598598,18.47559741822373,9.192391492424527,14.0,4.725596913712111,1.357261468044572,1.1292081710855093,1.4807110024186574,9163
17.43237180224169,10.46478466566166,5.44921187905155,41.701819955598594,28.475597418223728,4.192391492424527,19.0,1.7255969137121103,2.907261468044572,2.3292081710855093,2.980711002418657,9164
15.557371802241688,6.714784665661662,4.19921187905155,45.451819955598594,20.975597418223728,5.442391492424527,16.0,0.9755969137121104,3.2947614680445723,0.8292081710855091,1.8557110024186574,9165
8.057371802241686,11.71478466566166,9.19921187905155,30.451819955598598,30.975597418223728,10.442391492424527,11.0,3.9755969137121103,1.744761468044572,2.029208171085509,0.35571100241865733,9166
19.30737180224169,4.214784665661662,6.69921187905155,52.951819955598594,15.975597418223728,7.942391492424527,13.0,2.4755969137121103,4.069761468044573,0.22920817108550917,1.1057110024186574,9167
11.807371802241686,9.21478466566166,11.699211879051552,37.951819955598594,25.975597418223728,2.9423914924245276,18.0,5.475596913712111,2.519761468044572,1.4292081710855091,2.605711002418657,9168
12.276121802241686,3.9022846656616617,3.26171187905155,40.764319955598594,20.350597418223728,10.754891492424527,13.0,4.163096913712111,2.229136468044572,1.8042081710855091,2.699461002418657,9169
19.77612180224169,8.90228466566166,8.26171187905155,25.764319955598598,30.350597418223728,5.754891492424527,18.0,1.1630969137121103,3.7791364680445723,0.6042081710855092,1.1994610024186574,9170
8.526121802241686,6.402284665661662,5.76171187905155,33.264319955598594,15.350597418223728,3.2548914924245276,10.0,5.663096913712111,1.454136468044572,1.2042081710855093,1.9494610024186574,9171
16.02612180224169,11.40228466566166,10.761711879051552,48.264319955598594,25.350597418223728,8.254891492424527,15.0,2.6630969137121103,3.0041364680445724,2.404208171085509,0.44946100241865733,9172
17.90112180224169,5.152284665661662,9.51171187905155,37.014319955598594,17.850597418223728,7.004891492424527,12.0,6.413096913712112,2.616636468044572,1.5042081710855093,2.324461002418657,9173
10.401121802241686,10.15228466566166,4.51171187905155,52.014319955598594,27.850597418223728,12.004891492424527,17.0,3.4130969137121103,4.166636468044572,0.3042081710855092,0.8244610024186574,9174
6.651121802241687,2.6522846656616617,12.011711879051552,29.514319955598598,22.850597418223728,4.504891492424527,19.0,1.9130969137121103,1.841636468044572,2.104208171085509,3.074461002418657,9175
14.151121802241688,7.652284665661662,7.01171187905155,44.514319955598594,32.85059741822373,9.504891492424527,14.0,4.913096913712111,3.3916364680445725,0.9042081710855091,1.5744610024186574,9176
13.213621802241688,5.777284665661662,10.13671187905155,53.889319955598594,29.100597418223728,10.129891492424527,12.0,2.2880969137121103,2.8103864680445723,1.9542081710855093,1.7619610024186574,9177
5.713621802241687,10.77728466566166,5.13671187905155,38.889319955598594,19.100597418223728,5.129891492424527,17.0,5.288096913712111,1.260386468044572,0.7542081710855091,3.261961002418657,9178
9.463621802241686,3.2772846656616617,7.63671187905155,46.389319955598594,24.100597418223728,2.6298914924245276,20.0,6.788096913712112,2.035386468044572,1.3542081710855092,1.0119610024186574,9179
16.96362180224169,8.27728466566166,2.63671187905155,31.389319955598598,34.10059741822373,7.629891492424527,15.0,3.7880969137121103,3.5853864680445726,0.15420817108550916,2.511961002418657,9180
15.088621802241688,12.02728466566166,6.38671187905155,27.639319955598598,26.600597418223728,8.879891492424527,11.0,6.038096913712111,2.422886468044572,1.6542081710855092,0.6369610024186574,9181
7.588621802241687,7.027284665661662,11.386711879051552,42.639319955598594,16.600597418223728,3.8798914924245276,16.0,3.0380969137121103,3.9728864680445724,0.45420817108550915,2.136961002418657,9182
18.83862180224169,4.527284665661662,3.88671187905155,50.139319955598594,31.60059741822373,6.379891492424527,19.0,4.538096913712111,1.6478864680445722,2.254208171085509,1.3869610024186574,9183
11.338621802241686,9.52728466566166,8.88671187905155,35.139319955598594,21.600597418223728,11.379891492424527,14.0,1.5380969137121103,3.1978864680445724,1.0542081710855091,2.886961002418657,9184
11.104246802241686,12.49603466566166,10.917961879051552,44.983069955598594,15.663097418223728,7.473641492424527,10.0,5.194346913712111,1.793198968044572,0.34170817108550916,2.183836002418657,9185
18.60424680224169,7.496034665661662,5.91796187905155,29.983069955598598,25.663097418223728,12.473641492424527,15.0,2.1943469137121103,3.3431989680445726,1.5417081710855092,0.6838360024186574,9186
7.354246802241687,4.996034665661662,8.41796187905155,52.483069955598594,20.663097418223728,4.973641492424527,13.0,3.6943469137121103,2.5681989680445723,0.9417081710855091,2.933836002418657,9187
14.854246802241688,9.99603466566166,3.41796187905155,37.483069955598594,30.663097418223728,9.973641492424527,18.0,6.694346913712112,4.118198968044572,2.1417081710855093,1.4338360024186574,9188
16.72924680224169,6.246034665661662,7.16796187905155,48.733069955598594,18.16309741822373,11.223641492424527,19.0,2.9443469137121103,2.180698968044572,0.6417081710855091,0.30883600241865733,9189
9.229246802241686,11.24603466566166,12.167961879051552,33.733069955598594,28.163097418223728,6.223641492424527,14.0,5.944346913712111,3.7306989680445724,1.8417081710855092,1.8088360024186574,9190
5.479246802241687,3.7460346656616617,4.66796187905155,26.233069955598598,33.16309741822373,3.7236414924245276,11.0,1.4443469137121103,2.955698968044572,2.441708171085509,2.558836002418657,9191
12.979246802241686,8.74603466566166,9.66796187905155,41.233069955598594,23.163097418223728,8.723641492424527,16.0,4.444346913712111,1.4056989680445722,1.2417081710855091,1.0588360024186574,9192
13.916746802241688,5.621034665661662,2.79296187905155,31.858069955598598,26.913097418223728,8.098641492424527,20.0,1.0693469137121103,1.986948968044572,0.4917081710855091,0.8713360024186574,9193
6.416746802241687,10.62103466566166,7.79296187905155,46.858069955598594,16.913097418223728,3.0986414924245276,15.0,4.069346913712111,3.5369489680445723,1.6917081710855093,2.371336002418657,9194
10.166746802241686,3.1210346656616617,5.29296187905155,39.358069955598594,31.91309741822373,5.598641492424527,12.0,2.5693469137121103,2.761948968044572,1.0917081710855092,1.6213360024186574,9195
17.66674680224169,8.12103466566166,10.29296187905155,54.358069955598594,21.913097418223728,10.598641492424527,17.0,5.569346913712111,1.211948968044572,2.291708171085509,3.121336002418657,9196
15.791746802241688,4.371034665661662,9.04296187905155,28.108069955598598,29.413097418223728,9.348641492424527,18.0,3.3193469137121103,1.599448968044572,0.7917081710855092,1.2463360024186574,9197
8.291746802241686,9.37103466566166,4.04296187905155,43.108069955598594,19.413097418223728,4.348641492424527,13.0,6.319346913712112,3.1494489680445725,1.9917081710855091,2.746336002418657,9198
19.54174680224169,6.871034665661662,11.542961879051552,35.608069955598594,24.413097418223728,11.848641492424527,11.0,4.819346913712111,2.374448968044572,0.1917081710855092,0.49633600241865733,9199
12.041746802241686,11.87103466566166,6.54296187905155,50.608069955598594,34.41309741822373,6.848641492424527,16.0,1.8193469137121103,3.9244489680445724,1.3917081710855093,1.9963360024186574,9200
11.572996802241686,6.558534665661662,7.48046187905155,27.170569955598598,31.28809741822373,4.661141492424527,16.0,6.131846913712112,4.021323968044572,1.9167081710855092,3.215086002418657,9201
19.07299680224169,11.55853466566166,12.480461879051552,42.170569955598594,21.288097418223728,9.661141492424527,11.0,3.1318469137121103,2.471323968044572,0.7167081710855091,1.7150860024186574,9202
7.822996802241687,4.058534665661662,9.98046187905155,49.670569955598594,26.288097418223728,7.161141492424527,18.0,1.6318469137121103,3.2463239680445724,1.3167081710855093,2.465086002418657,9203
15.322996802241688,9.05853466566166,4.98046187905155,34.670569955598594,16.288097418223728,12.161141492424527,13.0,4.631846913712111,1.696323968044572,0.11670817108550918,0.9650860024186574,9204
17.19799680224169,2.8085346656616617,3.73046187905155,53.420569955598594,23.788097418223728,3.4111414924245276,14.0,3.8818469137121103,1.3088239680445721,1.6167081710855091,2.090086002418657,9205
9.697996802241686,7.808534665661662,8.73046187905155,38.420569955598594,33.78809741822373,8.411141492424527,19.0,6.881846913712112,2.858823968044572,0.41670817108550917,0.5900860024186574,9206
5.947996802241687,5.308534665661662,6.23046187905155,45.920569955598594,28.788097418223728,10.911141492424527,17.0,5.381846913712111,3.6338239680445725,2.216708171085509,2.840086002418657,9207
13.447996802241688,10.30853466566166,11.230461879051552,30.920569955598598,18.78809741822373,5.911141492424527,12.0,2.3818469137121103,2.0838239680445723,1.0167081710855093,1.3400860024186574,9208
12.510496802241686,3.4335346656616617,5.60546187905155,36.545569955598594,22.538097418223728,6.536141492424527,15.0,5.756846913712111,1.115073968044572,2.066708171085509,1.1525860024186574,9209
5.010496802241687,8.43353466566166,10.605461879051552,51.545569955598594,32.53809741822373,11.536141492424527,20.0,2.7568469137121103,2.665073968044572,0.8667081710855091,2.652586002418657,9210
8.760496802241686,5.933534665661662,3.10546187905155,29.045569955598598,17.538097418223728,9.036141492424527,17.0,4.256846913712111,3.4400739680445724,1.4667081710855092,0.40258600241865733,9211
16.26049680224169,10.93353466566166,8.10546187905155,44.045569955598594,27.538097418223728,4.036141492424528,12.0,1.2568469137121103,1.8900739680445722,0.26670817108550915,1.9025860024186574,9212
14.385496802241688,4.683534665661662,11.855461879051552,40.295569955598594,15.038097418223728,2.7861414924245276,14.0,2.0068469137121103,3.8275739680445726,1.7667081710855093,0.7775860024186574,9213
6.885496802241687,9.68353466566166,6.85546187905155,25.295569955598598,25.038097418223728,7.786141492424527,19.0,5.006846913712111,2.277573968044572,0.5667081710855092,2.277586002418657,9214
18.13549680224169,12.18353466566166,9.35546187905155,32.795569955598594,20.038097418223728,10.286141492424527,16.0,6.506846913712112,3.0525739680445723,2.3667081710855093,1.5275860024186574,9215
10.635496802241686,7.183534665661662,4.35546187905155,47.795569955598594,30.038097418223728,5.286141492424527,11.0,3.5068469137121103,1.502573968044572,1.1667081710855092,3.027586002418657,9216
10.642821020991686,3.4188862281616617,10.561516566551552,26.511390268098598,32.64551929322373,8.718758679924527,13.0,2.1914172262121103,3.3628767024195723,1.3366300460855092,0.9811992836686574,9217
18.14282102099169,8.41888622816166,5.56151656655155,41.511390268098594,22.645519293223728,3.7187586799245276,18.0,5.191417226212111,1.812876702419572,0.13663004608550916,2.481199283668657,9218
6.892821020991687,5.918886228161662,8.06151656655155,49.011390268098594,27.645519293223728,6.218758679924527,10.0,6.691417226212112,4.137876702419573,1.9366300460855093,1.7311992836686574,9219
14.392821020991688,10.91888622816166,3.06151656655155,34.011390268098594,17.645519293223728,11.218758679924527,15.0,3.6914172262121103,2.587876702419572,0.7366300460855091,3.231199283668657,9220
16.26782102099169,4.668886228161662,6.81151656655155,52.761390268098594,25.145519293223728,9.968758679924527,11.0,5.941417226212111,2.9753767024195725,2.236630046085509,1.3561992836686574,9221
8.767821020991686,9.66888622816166,11.811516566551552,37.761390268098594,15.145519293223728,4.968758679924527,16.0,2.9414172262121103,1.425376702419572,1.0366300460855091,2.856199283668657,9222
5.017821020991687,12.16888622816166,4.31151656655155,45.261390268098594,30.145519293223728,12.468758679924527,19.0,4.441417226212111,3.7503767024195724,1.6366300460855092,0.6061992836686574,9223
12.517821020991686,7.168886228161662,9.31151656655155,30.261390268098598,20.145519293223728,7.468758679924527,14.0,1.4414172262121103,2.200376702419572,0.43663004608550915,2.106199283668657,9224
13.455321020991688,6.543886228161662,12.436516566551552,35.886390268098594,21.395519293223728,6.843758679924527,12.0,4.066417226212111,3.1691267024195726,1.4866300460855093,1.9186992836686574,9225
5.955321020991687,11.54388622816166,7.43651656655155,50.886390268098594,31.39551929322373,11.843758679924527,17.0,1.0664172262121103,1.619126702419572,0.2866300460855092,0.41869928366865733,9226
9.705321020991686,4.043886228161662,4.93651656655155,28.386390268098598,16.395519293223728,4.343758679924527,19.0,5.566417226212111,3.9441267024195725,2.086630046085509,2.668699283668657,9227
17.20532102099169,9.04388622816166,9.93651656655155,43.386390268098594,26.395519293223728,9.343758679924527,14.0,2.5664172262121103,2.3941267024195723,0.8866300460855091,1.1686992836686574,9228
15.330321020991688,2.7938862281616617,8.68651656655155,39.636390268098594,33.89551929322373,10.593758679924527,11.0,6.316417226212112,3.5566267024195724,2.386630046085509,3.043699283668657,9229
7.830321020991687,7.793886228161662,3.68651656655155,54.636390268098594,23.895519293223728,5.593758679924527,16.0,3.3164172262121103,2.006626702419572,1.1866300460855093,1.5436992836686574,9230
19.08032102099169,5.293886228161662,11.186516566551552,32.136390268098594,18.89551929322373,3.0937586799245276,18.0,1.8164172262121103,1.231626702419572,1.7866300460855091,2.293699283668657,9231
11.580321020991686,10.29388622816166,6.18651656655155,47.136390268098594,28.895519293223728,8.093758679924527,13.0,4.816417226212111,2.781626702419572,0.5866300460855092,0.7936992836686574,9232
12.049071020991686,5.606386228161662,7.74901656655155,46.198890268098594,17.020519293223728,5.906258679924527,18.0,3.1289172262121103,2.684751702419572,0.9616300460855092,1.4499492836686574,9233
19.54907102099169,10.60638622816166,2.74901656655155,31.198890268098598,27.020519293223728,10.906258679924527,13.0,6.128917226212112,1.1347517024195721,2.1616300460855093,2.949949283668657,9234
8.299071020991686,3.1063862281616617,10.24901656655155,53.698890268098594,22.020519293223728,8.406258679924527,15.0,4.628917226212111,1.909751702419572,0.3616300460855092,0.6999492836686574,9235
15.799071020991688,8.10638622816166,5.24901656655155,38.698890268098594,32.02051929322373,3.4062586799245276,10.0,1.6289172262121103,3.4597517024195725,1.5616300460855093,2.199949283668657,9236
17.67407102099169,4.356386228161662,3.99901656655155,49.948890268098594,19.520519293223728,12.156258679924527,17.0,6.878917226212112,2.297251702419572,2.461630046085509,1.0749492836686574,9237
10.174071020991686,9.35638622816166,8.99901656655155,34.948890268098594,29.520519293223728,7.156258679924527,12.0,3.8789172262121103,3.8472517024195723,1.2616300460855092,2.574949283668657,9238
6.424071020991687,6.856386228161662,6.49901656655155,27.448890268098598,34.52051929322373,9.656258679924527,14.0,2.3789172262121103,1.522251702419572,0.6616300460855091,1.8249492836686574,9239
13.924071020991688,11.85638622816166,11.499016566551552,42.448890268098594,24.520519293223728,4.656258679924527,19.0,5.378917226212111,3.0722517024195724,1.8616300460855093,0.32494928366865733,9240
12.986571020991686,12.48138622816166,5.87401656655155,33.073890268098594,25.770519293223728,5.281258679924527,17.0,2.7539172262121103,2.491001702419572,1.1116300460855093,3.137449283668657,9241
5.486571020991687,7.481386228161662,10.874016566551552,48.073890268098594,15.770519293223728,10.281258679924527,12.0,5.753917226212111,4.041001702419573,2.3116300460855093,1.6374492836686574,9242
9.236571020991686,4.981386228161662,3.37401656655155,40.573890268098594,30.770519293223728,7.781258679924527,15.0,1.2539172262121103,1.7160017024195722,0.5116300460855092,2.387449283668657,9243
16.73657102099169,9.98138622816166,8.37401656655155,25.573890268098598,20.770519293223728,2.7812586799245276,20.0,4.253917226212111,3.2660017024195724,1.7116300460855092,0.8874492836686574,9244
14.861571020991688,6.231386228161662,12.124016566551552,29.323890268098598,28.270519293223728,4.031258679924528,16.0,5.003917226212111,2.8785017024195723,0.21163004608550917,2.012449283668657,9245
7.361571020991687,11.23138622816166,7.12401656655155,44.323890268098594,18.27051929322373,9.031258679924527,11.0,2.0039172262121103,1.328501702419572,1.4116300460855091,0.5124492836686574,9246
18.61157102099169,3.7313862281616617,9.62401656655155,36.823890268098594,23.270519293223728,11.531258679924527,14.0,3.5039172262121103,2.103501702419572,0.8116300460855091,2.762449283668657,9247
11.111571020991686,8.73138622816166,4.62401656655155,51.823890268098594,33.27051929322373,6.531258679924527,19.0,6.503917226212112,3.6535017024195726,2.011630046085509,1.2624492836686574,9248
11.345946020991686,5.762636228161662,5.40526656655155,40.105140268098594,19.208019293223728,12.312508679924527,15.0,5.847667226212111,2.055064202419572,1.2241300460855091,0.37182428366865733,9249
18.84594602099169,10.76263622816166,10.40526656655155,25.105140268098598,29.208019293223728,7.312508679924527,20.0,2.8476672262121103,3.6050642024195723,2.424130046085509,1.8718242836686574,9250
7.595946020991687,3.2626362281616617,2.90526656655155,32.605140268098594,34.20801929322373,9.812508679924527,17.0,4.347667226212111,2.830064202419572,1.8241300460855092,1.1218242836686574,9251
15.095946020991688,8.26263622816166,7.90526656655155,47.605140268098594,24.208019293223728,4.812508679924527,12.0,1.3476672262121103,1.280064202419572,0.6241300460855091,2.621824283668657,9252
16.97094602099169,12.01263622816166,11.655266566551552,36.355140268098594,16.708019293223728,6.062508679924527,14.0,2.0976672262121103,1.667564202419572,2.1241300460855093,1.4968242836686574,9253
9.470946020991686,7.012636228161662,6.65526656655155,51.355140268098594,26.708019293223728,11.062508679924527,19.0,5.097667226212111,3.2175642024195725,0.9241300460855091,2.996824283668657,9254
5.720946020991687,4.512636228161662,9.15526656655155,28.855140268098598,21.708019293223728,8.562508679924527,16.0,6.597667226212112,2.442564202419572,1.5241300460855092,0.7468242836686574,9255
13.220946020991688,9.51263622816166,4.15526656655155,43.855140268098594,31.70801929322373,3.5625086799245276,11.0,3.5976672262121103,3.9925642024195724,0.32413004608550916,2.246824283668657,9256
14.158446020991688,3.8876362281616617,8.53026656655155,53.230140268098594,30.458019293223728,2.9375086799245276,14.0,6.222667226212112,1.4738142024195722,1.3741300460855093,2.434324283668657,9257
6.658446020991687,8.88763622816166,3.53026656655155,38.230140268098594,20.458019293223728,7.937508679924527,19.0,3.2226672262121103,3.0238142024195724,0.1741300460855092,0.9343242836686574,9258
10.408446020991686,6.387636228161662,11.030266566551552,45.730140268098594,25.458019293223728,10.437508679924527,17.0,1.7226672262121103,2.248814202419572,1.9741300460855091,3.184324283668657,9259
17.90844602099169,11.38763622816166,6.03026656655155,30.730140268098598,15.458019293223728,5.437508679924527,12.0,4.722667226212111,3.7988142024195724,0.7741300460855092,1.6843242836686574,9260
16.03344602099169,5.137636228161662,4.78026656655155,26.980140268098598,27.958019293223728,4.187508679924527,13.0,3.9726672262121103,1.861314202419572,2.274130046085509,2.809324283668657,9261
8.533446020991686,10.13763622816166,9.78026656655155,41.980140268098594,17.958019293223728,9.187508679924527,18.0,0.9726672262121104,3.4113142024195726,1.0741300460855092,1.3093242836686574,9262
19.78344602099169,2.6376362281616617,7.28026656655155,49.480140268098594,32.95801929322373,6.687508679924527,16.0,5.472667226212111,2.6363142024195723,1.6741300460855093,2.059324283668657,9263
12.283446020991686,7.637636228161662,12.280266566551552,34.480140268098594,22.958019293223728,11.687508679924527,11.0,2.4726672262121103,4.186314202419572,0.4741300460855091,0.5593242836686574,9264
11.814696020991686,2.9501362281616617,3.21776656655155,29.792640268098598,23.583019293223728,9.500008679924527,10.0,1.1601672262121103,1.3769392024195721,0.9991300460855091,1.5905742836686574,9265
19.31469602099169,7.950136228161662,8.21776656655155,44.792640268098594,33.58301929322373,4.500008679924527,15.0,4.160167226212111,2.926939202419572,2.199130046085509,3.090574283668657,9266
8.064696020991686,5.450136228161662,5.71776656655155,37.292640268098594,28.583019293223728,12.000008679924527,13.0,2.6601672262121103,3.7019392024195725,0.39913004608550917,0.8405742836686574,9267
15.564696020991688,10.45013622816166,10.717766566551552,52.292640268098594,18.58301929322373,7.000008679924527,18.0,5.660167226212111,2.1519392024195723,1.5991300460855091,2.340574283668657,9268
17.43969602099169,6.700136228161662,9.46776656655155,33.542640268098594,31.08301929322373,8.250008679924527,19.0,3.4101672262121103,4.089439202419572,2.4991300460855093,0.46557428366865733,9269
9.939696020991686,11.70013622816166,4.46776656655155,48.542640268098594,21.083019293223728,3.2500086799245276,14.0,6.410167226212112,2.539439202419572,1.2991300460855093,1.9655742836686574,9270
6.189696020991687,4.200136228161662,11.967766566551552,41.042640268098594,26.083019293223728,5.750008679924527,12.0,4.910167226212111,3.3144392024195724,0.6991300460855091,1.2155742836686574,9271
13.689696020991688,9.20013622816166,6.96776656655155,26.042640268098598,16.083019293223728,10.750008679924527,17.0,1.9101672262121103,1.764439202419572,1.8991300460855092,2.715574283668657,9272
12.752196020991686,4.825136228161662,10.09276656655155,50.417640268098594,34.83301929322373,11.375008679924527,20.0,5.285167226212111,3.8956892024195726,1.1491300460855092,2.903074283668657,9273
5.252196020991687,9.82513622816166,5.09276656655155,35.417640268098594,24.833019293223728,6.375008679924527,15.0,2.2851672262121103,2.345689202419572,2.3491300460855093,1.4030742836686574,9274
9.002196020991686,12.32513622816166,7.59276656655155,27.917640268098598,19.833019293223728,3.8750086799245276,12.0,3.7851672262121103,3.1206892024195723,0.5491300460855092,2.153074283668657,9275
16.50219602099169,7.325136228161662,2.59276656655155,42.917640268098594,29.833019293223728,8.875008679924527,17.0,6.785167226212112,1.570689202419572,1.7491300460855093,0.6530742836686574,9276
14.627196020991688,3.5751362281616617,6.34276656655155,46.667640268098594,22.333019293223728,7.625008679924527,18.0,3.0351672262121103,1.183189202419572,0.24913004608550918,2.528074283668657,9277
7.127196020991687,8.57513622816166,11.342766566551552,31.667640268098598,32.33301929322373,2.6250086799245276,13.0,6.035167226212111,2.733189202419572,1.4491300460855092,1.0280742836686574,9278
18.37719602099169,6.075136228161662,3.84276656655155,54.167640268098594,17.333019293223728,5.125008679924527,11.0,1.5351672262121103,3.5081892024195724,0.8491300460855091,3.278074283668657,9279
10.877196020991686,11.07513622816166,8.84276656655155,39.167640268098594,27.333019293223728,10.125008679924527,16.0,4.535167226212111,1.9581892024195722,2.049130046085509,1.7780742836686574,9280
10.994383520991686,4.590761228161662,3.60839156655155,35.183265268098594,29.364269293223728,10.671883679924527,14.0,5.613292226212111,3.3386579524195725,0.7553800460855091,2.176511783668657,9281
18.49438352099169,9.59076122816166,8.60839156655155,50.183265268098594,19.364269293223728,5.671883679924527,19.0,2.6132922262121103,1.788657952419572,1.955380046085509,0.6765117836686574,9282
7.244383520991687,12.09076122816166,6.10839156655155,42.683265268098594,24.364269293223728,3.1718836799245276,16.0,4.113292226212111,4.113657952419572,0.15538004608550918,2.926511783668657,9283
14.744383520991688,7.090761228161662,11.108391566551552,27.683265268098598,34.36426929322373,8.171883679924527,11.0,1.1132922262121103,2.563657952419572,1.3553800460855092,1.4265117836686574,9284
16.61938352099169,3.3407612281616617,7.35839156655155,31.433265268098598,26.864269293223728,6.921883679924527,15.0,1.8632922262121103,3.7261579524195723,0.4553800460855092,0.30151178366865733,9285
9.119383520991686,8.34076122816166,12.358391566551552,46.433265268098594,16.864269293223728,11.921883679924527,10.0,4.863292226212111,2.176157952419572,1.6553800460855093,1.8015117836686574,9286
5.369383520991687,5.840761228161662,9.85839156655155,38.933265268098594,31.86426929322373,4.421883679924527,18.0,6.363292226212112,1.401157952419572,1.0553800460855092,2.551511783668657,9287
12.869383520991686,10.84076122816166,4.85839156655155,53.933265268098594,21.864269293223728,9.421883679924527,13.0,3.3632922262121103,2.951157952419572,2.2553800460855093,1.0515117836686574,9288
13.806883520991688,2.7157612281616617,11.733391566551552,44.558265268098594,20.614269293223728,10.046883679924527,13.0,6.738292226212112,3.5324079524195726,0.6053800460855091,0.8640117836686574,9289
6.306883520991687,7.715761228161662,6.73339156655155,29.558265268098598,30.614269293223728,5.046883679924527,18.0,3.7382922262121103,1.982407952419572,1.8053800460855092,2.364011783668657,9290
10.056883520991686,5.215761228161662,9.23339156655155,52.058265268098594,15.614269293223728,2.5468836799245276,16.0,2.2382922262121103,1.207407952419572,2.4053800460855093,1.6140117836686574,9291
17.55688352099169,10.21576122816166,4.23339156655155,37.058265268098594,25.614269293223728,7.546883679924527,11.0,5.238292226212111,2.7574079524195723,1.2053800460855093,3.114011783668657,9292
15.681883520991688,6.465761228161662,5.48339156655155,48.308265268098594,18.114269293223728,8.796883679924527,14.0,4.488292226212111,3.1449079524195724,0.30538004608550917,1.2390117836686574,9293
8.181883520991686,11.46576122816166,10.48339156655155,33.308265268098594,28.114269293223728,3.7968836799245276,19.0,1.4882922262121103,1.5949079524195722,1.5053800460855091,2.739011783668657,9294
19.43188352099169,3.9657612281616617,2.98339156655155,25.808265268098598,23.114269293223728,6.296883679924527,17.0,5.988292226212111,3.9199079524195724,0.9053800460855091,0.48901178366865733,9295
11.931883520991686,8.96576122816166,7.98339156655155,40.808265268098594,33.11426929322373,11.296883679924527,12.0,2.9882922262121103,2.369907952419572,2.105380046085509,1.9890117836686574,9296
12.400633520991686,4.278261228161662,7.04589156655155,37.995765268098594,33.73926929322373,3.4843836799245276,19.0,1.3007922262121103,2.466782952419572,1.7303800460855092,3.207761783668657,9297
19.90063352099169,9.27826122816166,12.045891566551552,52.995765268098594,23.739269293223728,8.484383679924527,14.0,4.300792226212111,4.016782952419573,0.5303800460855091,1.7077617836686574,9298
8.650633520991686,6.778261228161662,4.54589156655155,30.495765268098598,18.73926929322373,10.984383679924527,12.0,2.8007922262121103,1.691782952419572,2.330380046085509,2.457761783668657,9299
16.15063352099169,11.77826122816166,9.54589156655155,45.495765268098594,28.739269293223728,5.984383679924527,17.0,5.800792226212111,3.2417829524195723,1.1303800460855091,0.9577617836686574,9300
18.02563352099169,5.528261228161662,10.795891566551552,41.745765268098594,21.239269293223728,4.734383679924527,10.0,3.5507922262121103,2.854282952419572,2.0303800460855093,2.082761783668657,9301
10.525633520991686,10.52826122816166,5.79589156655155,26.745765268098598,31.23926929322373,9.734383679924527,15.0,6.550792226212112,1.304282952419572,0.8303800460855091,0.5827617836686574,9302
6.775633520991687,3.0282612281616617,8.29589156655155,34.245765268098594,16.239269293223728,7.234383679924527,13.0,5.050792226212111,2.079282952419572,1.4303800460855092,2.832761783668657,9303
14.275633520991688,8.02826122816166,3.29589156655155,49.245765268098594,26.239269293223728,12.234383679924527,18.0,2.0507922262121103,3.6292829524195724,0.23038004608550916,1.3327617836686574,9304
13.338133520991688,6.153261228161662,8.92089156655155,54.870765268098594,24.989269293223728,11.609383679924527,18.0,4.675792226212111,2.660532952419572,1.5803800460855093,1.1452617836686574,9305
5.838133520991687,11.15326122816166,3.92089156655155,39.870765268098594,34.98926929322373,6.609383679924527,13.0,1.6757922262121103,1.110532952419572,0.3803800460855091,2.645261783668657,9306
9.588133520991686,3.6532612281616617,11.420891566551552,47.370765268098594,29.989269293223728,9.109383679924527,11.0,3.1757922262121103,1.885532952419572,2.180380046085509,0.39526178366865733,9307
17.08813352099169,8.65326122816166,6.42089156655155,32.370765268098594,19.989269293223728,4.109383679924527,16.0,6.175792226212112,3.4355329524195724,0.9803800460855091,1.8952617836686574,9308
15.213133520991688,12.40326122816166,2.67089156655155,51.120765268098594,32.48926929322373,5.359383679924527,20.0,2.4257922262121103,2.2730329524195723,1.8803800460855091,0.7702617836686574,9309
7.713133520991687,7.403261228161662,7.67089156655155,36.120765268098594,22.489269293223728,10.359383679924527,15.0,5.425792226212111,3.8230329524195725,0.6803800460855092,2.270261783668657,9310
18.96313352099169,4.903261228161662,5.17089156655155,43.620765268098594,27.489269293223728,7.859383679924527,12.0,0.9257922262121104,1.4980329524195721,1.2803800460855093,1.5202617836686574,9311
11.463133520991686,9.90326122816166,10.17089156655155,28.620765268098598,17.489269293223728,2.8593836799245276,17.0,3.9257922262121103,3.0480329524195726,2.480380046085509,3.020261783668657,9312
11.228758520991686,12.24701122816166,9.70214156655155,47.839515268098594,22.801769293223728,4.578133679924527,11.0,1.7695422262121103,1.546470452419572,0.8678800460855092,2.410886783668657,9313
18.72875852099169,7.247011228161662,4.70214156655155,32.839515268098594,32.80176929322373,9.578133679924527,16.0,4.769542226212111,3.0964704524195725,2.067880046085509,0.9108867836686574,9314
7.478758520991687,4.747011228161662,12.202141566551552,25.339515268098598,17.801769293223728,7.078133679924527,19.0,6.269542226212112,2.321470452419572,0.2678800460855092,3.160886783668657,9315
14.978758520991688,9.74701122816166,7.20214156655155,40.339515268098594,27.801769293223728,12.078133679924527,14.0,3.2695422262121103,3.8714704524195724,1.4678800460855093,1.6608867836686574,9316
16.85375852099169,5.997011228161662,3.45214156655155,44.089515268098594,15.301769293223728,3.3281336799245276,13.0,5.519542226212111,1.933970452419572,0.5678800460855091,2.785886783668657,9317
9.353758520991686,10.99701122816166,8.45214156655155,29.089515268098598,25.301769293223728,8.328133679924527,18.0,2.5195422262121103,3.4839704524195723,1.7678800460855093,1.2858867836686574,9318
5.603758520991687,3.4970112281616617,5.95214156655155,51.589515268098594,20.301769293223728,10.828133679924527,10.0,4.019542226212111,2.708970452419572,1.1678800460855092,2.035886783668657,9319
13.103758520991688,8.49701122816166,10.952141566551552,36.589515268098594,30.301769293223728,5.828133679924527,15.0,1.0195422262121103,1.158970452419572,2.367880046085509,0.5358867836686574,9320
14.041258520991688,5.372011228161662,6.57714156655155,30.964515268098598,31.55176929322373,6.453133679924527,11.0,4.394542226212111,2.127720452419572,0.7178800460855091,0.7233867836686574,9321
6.541258520991687,10.37201122816166,11.577141566551552,45.964515268098594,21.551769293223728,11.453133679924527,16.0,1.3945422262121103,3.6777204524195724,1.9178800460855092,2.223386783668657,9322
10.291258520991686,2.8720112281616617,4.07714156655155,38.464515268098594,26.551769293223728,8.953133679924527,18.0,5.894542226212111,2.902720452419572,0.11788004608550917,1.4733867836686574,9323
17.79125852099169,7.872011228161662,9.07714156655155,53.464515268098594,16.551769293223728,3.9531336799245276,13.0,2.8945422262121103,1.3527204524195722,1.3178800460855091,2.973386783668657,9324
15.916258520991688,4.122011228161662,10.32714156655155,34.714515268098594,24.051769293223728,2.7031336799245276,12.0,6.644542226212112,1.740220452419572,0.4178800460855092,1.8483867836686574,9325
8.416258520991686,9.12201122816166,5.32714156655155,49.714515268098594,34.05176929322373,7.703133679924527,17.0,3.6445422262121103,3.2902204524195726,1.6178800460855092,0.34838678366865733,9326
19.66625852099169,6.622011228161662,7.82714156655155,42.214515268098594,29.051769293223728,10.203133679924527,20.0,2.1445422262121103,2.5152204524195723,1.017880046085509,1.0983867836686574,9327
12.166258520991686,11.62201122816166,2.82714156655155,27.214515268098598,19.051769293223728,5.203133679924527,15.0,5.144542226212111,4.065220452419572,2.2178800460855093,2.598386783668657,9328
11.697508520991686,6.934511228161662,11.264641566551552,50.652015268098594,27.176769293223728,7.390633679924527,17.0,3.8320422262121103,3.7745954524195726,1.6928800460855091,2.692136783668657,9329
19.19750852099169,11.93451122816166,6.26464156655155,35.652015268098594,17.176769293223728,12.390633679924527,12.0,6.832042226212112,2.224595452419572,0.49288004608550917,1.1921367836686574,9330
7.947508520991687,4.434511228161662,8.76464156655155,43.152015268098594,32.17676929322373,4.890633679924527,14.0,5.332042226212111,2.9995954524195723,2.292880046085509,1.9421367836686574,9331
15.447508520991688,9.43451122816166,3.76464156655155,28.152015268098598,22.176769293223728,9.890633679924527,19.0,2.3320422262121103,1.449595452419572,1.0928800460855093,0.44213678366865733,9332
17.32250852099169,3.1845112281616617,5.01464156655155,54.402015268098594,29.676769293223728,11.140633679924527,18.0,1.5820422262121103,4.162095452419573,1.9928800460855092,2.317136783668657,9333
9.822508520991686,8.18451122816166,10.01464156655155,39.402015268098594,19.676769293223728,6.140633679924527,13.0,4.582042226212111,2.612095452419572,0.7928800460855091,0.8171367836686574,9334
6.072508520991687,5.684511228161662,2.51464156655155,46.902015268098594,24.676769293223728,3.6406336799245276,16.0,3.0820422262121103,3.3870954524195724,1.3928800460855093,3.067136783668657,9335
13.572508520991688,10.68451122816166,7.51464156655155,31.902015268098598,34.67676929322373,8.640633679924527,11.0,6.082042226212111,1.8370954524195722,0.19288004608550918,1.5671367836686574,9336
12.635008520991686,3.8095112281616617,4.38964156655155,41.277015268098594,15.926769293223728,8.015633679924527,16.0,2.7070422262121103,1.2558454524195721,1.5428800460855092,1.7546367836686574,9337
5.135008520991687,8.80951122816166,9.38964156655155,26.277015268098598,25.926769293223728,3.0156336799245276,11.0,5.707042226212111,2.805845452419572,0.34288004608550915,3.254636783668657,9338
8.885008520991686,6.309511228161662,6.88964156655155,33.777015268098594,20.926769293223728,5.515633679924527,14.0,1.2070422262121103,3.5808454524195725,2.142880046085509,1.0046367836686574,9339
16.38500852099169,11.30951122816166,11.889641566551552,48.777015268098594,30.926769293223728,10.515633679924527,19.0,4.207042226212111,2.0308454524195723,0.9428800460855091,2.504636783668657,9340
14.510008520991688,5.059511228161662,8.13964156655155,37.527015268098594,18.42676929322373,9.265633679924527,17.0,4.957042226212111,3.9683454524195723,1.8428800460855093,0.6296367836686574,9341
7.010008520991687,10.05951122816166,3.13964156655155,52.527015268098594,28.426769293223728,4.265633679924527,12.0,1.9570422262121103,2.418345452419572,0.6428800460855091,2.129636783668657,9342
18.26000852099169,2.5595112281616617,10.639641566551552,30.027015268098598,33.42676929322373,11.765633679924527,15.0,3.4570422262121103,3.1933454524195724,1.2428800460855092,1.3796367836686574,9343
10.760008520991686,7.559511228161662,5.63964156655155,45.027015268098594,23.426769293223728,6.765633679924527,20.0,6.457042226212112,1.643345452419572,2.4428800460855093,2.879636783668657,9344
10.818602270991686,6.426698728161662,8.41307906655155,28.269202768098598,34.28614429322373,5.164071179924527,13.0,0.9492297262121104,1.752329827419572,0.27725504608550916,2.305418033668657,9345
18.31860227099169,11.42669872816166,3.41307906655155,43.269202768098594,24.286144293223728,10.164071179924527,18.0,3.9492297262121103,3.3023298274195723,1.4772550460855092,0.8054180336686574,9346
7.068602270991687,3.9266987281616617,10.913079066551552,35.769202768098594,19.286144293223728,7.664071179924527,16.0,2.4492297262121103,2.527329827419572,0.8772550460855091,3.055418033668657,9347
14.568602270991688,8.92669872816166,5.91307906655155,50.769202768098594,29.286144293223728,2.6640711799245276,11.0,5.449229726212111,4.077329827419573,2.0772550460855093,1.5554180336686574,9348
16.44360227099169,2.6766987281616617,4.66307906655155,32.019202768098594,21.786144293223728,3.9140711799245276,14.0,3.1992297262121103,2.139829827419572,1.1772550460855091,2.680418033668657,9349
8.943602270991686,7.676698728161662,9.66307906655155,47.019202768098594,31.78614429322373,8.914071179924527,19.0,6.199229726212112,3.6898298274195724,2.377255046085509,1.1804180336686574,9350
5.193602270991687,5.176698728161662,7.16307906655155,39.519202768098594,16.786144293223728,11.414071179924527,17.0,4.699229726212111,2.914829827419572,0.5772550460855091,1.9304180336686574,9351
12.693602270991686,10.17669872816166,12.163079066551552,54.519202768098594,26.786144293223728,6.414071179924527,12.0,1.6992297262121103,1.364829827419572,1.7772550460855092,0.43041803366865733,9352
13.631102270991688,3.3016987281616617,5.28807906655155,48.894202768098594,25.536144293223728,5.789071179924527,14.0,5.074229726212111,1.946079827419572,0.12725504608550917,0.6179180336686574,9353
6.131102270991687,8.30169872816166,10.28807906655155,33.894202768098594,15.536144293223728,10.789071179924527,19.0,2.0742297262121103,3.4960798274195724,1.3272550460855093,2.117918033668657,9354
9.881102270991686,5.801698728161662,2.78807906655155,26.394202768098598,30.536144293223728,8.289071179924527,16.0,3.5742297262121103,2.721079827419572,0.7272550460855092,1.3679180336686574,9355
17.38110227099169,10.80169872816166,7.78807906655155,41.394202768098594,20.536144293223728,3.2890711799245276,11.0,6.574229726212112,1.171079827419572,1.9272550460855091,2.867918033668657,9356
15.506102270991688,4.551698728161662,11.538079066551552,45.144202768098594,33.03614429322373,12.039071179924527,15.0,2.8242297262121103,1.5585798274195721,1.0272550460855092,1.7429180336686574,9357
8.006102270991686,9.55169872816166,6.53807906655155,30.144202768098598,23.036144293223728,7.039071179924527,10.0,5.824229726212111,3.1085798274195726,2.227255046085509,3.242918033668657,9358
19.25610227099169,12.05169872816166,9.03807906655155,52.644202768098594,28.036144293223728,9.539071179924527,18.0,1.3242297262121103,2.3335798274195723,0.4272550460855091,0.9929180336686574,9359
11.756102270991686,7.051698728161662,4.03807906655155,37.644202768098594,18.036144293223728,4.539071179924527,13.0,4.324229726212111,3.8835798274195725,1.6272550460855093,2.492918033668657,9360
12.224852270991686,12.36419872816166,9.97557906655155,40.456702768098594,28.661144293223728,6.726571179924527,19.0,6.011729726212111,3.9804548274195724,2.3022550460855093,2.774168033668657,9361
19.72485227099169,7.364198728161662,4.97557906655155,25.456702768098598,18.66114429322373,11.726571179924527,14.0,3.0117297262121103,2.430454827419572,1.1022550460855092,1.2741680336686574,9362
8.474852270991686,4.864198728161662,7.47557906655155,32.956702768098594,23.661144293223728,4.226571179924527,11.0,4.511729726212111,3.2054548274195724,1.7022550460855093,2.024168033668657,9363
15.974852270991688,9.86419872816166,12.475579066551552,47.956702768098594,33.66114429322373,9.226571179924527,16.0,1.5117297262121103,1.6554548274195722,0.5022550460855092,0.5241680336686574,9364
17.84985227099169,6.114198728161662,6.22557906655155,36.706702768098594,26.161144293223728,10.476571179924527,20.0,2.2617297262121103,1.267954827419572,1.4022550460855092,2.399168033668657,9365
10.349852270991686,11.11419872816166,11.225579066551552,51.706702768098594,16.161144293223728,5.476571179924527,15.0,5.261729726212111,2.8179548274195723,0.20225504608550918,0.8991680336686574,9366
6.599852270991687,3.6141987281616617,3.72557906655155,29.206702768098598,31.16114429322373,2.9765711799245276,12.0,6.761729726212112,3.5929548274195726,2.002255046085509,3.149168033668657,9367
14.099852270991688,8.61419872816166,8.72557906655155,44.206702768098594,21.161144293223728,7.976571179924527,17.0,3.7617297262121103,2.042954827419572,0.8022550460855091,1.6491680336686574,9368
13.162352270991688,5.489198728161662,3.10057906655155,53.581702768098594,19.911144293223728,8.601571179924527,19.0,6.386729726212112,4.174204827419572,2.152255046085509,1.8366680336686574,9369
5.662352270991687,10.48919872816166,8.10057906655155,38.581702768098594,29.911144293223728,3.6015711799245276,14.0,3.3867297262121103,2.624204827419572,0.9522550460855091,0.33666803366865733,9370
9.412352270991686,2.9891987281616617,5.60057906655155,46.081702768098594,34.91114429322373,6.101571179924527,12.0,1.8867297262121103,3.3992048274195725,1.5522550460855091,1.0866680336686574,9371
16.91235227099169,7.989198728161662,10.600579066551552,31.081702768098598,24.911144293223728,11.101571179924527,17.0,4.886729726212111,1.849204827419572,0.35225504608550917,2.586668033668657,9372
15.037352270991688,4.239198728161662,9.35057906655155,27.331702768098598,17.411144293223728,9.851571179924527,10.0,4.136729726212111,3.7867048274195723,1.2522550460855093,0.7116680336686574,9373
7.537352270991687,9.23919872816166,4.35057906655155,42.331702768098594,27.411144293223728,4.851571179924527,15.0,1.1367297262121103,2.236704827419572,2.4522550460855093,2.211668033668657,9374
18.78735227099169,6.739198728161662,11.850579066551552,49.831702768098594,22.411144293223728,12.351571179924527,13.0,5.636729726212111,3.0117048274195724,1.8522550460855092,1.4616680336686574,9375
11.287352270991686,11.73919872816166,6.85057906655155,34.831702768098594,32.41114429322373,7.351571179924527,18.0,2.6367297262121103,1.461704827419572,0.6522550460855091,2.961668033668657,9376
11.521727270991686,4.082948728161662,2.63182906655155,45.612952768098594,27.723644293223728,11.257821179924527,11.0,3.2929797262121103,3.1570173274195725,0.16475504608550917,2.071043033668657,9377
19.02172727099169,9.08294872816166,7.63182906655155,30.612952768098598,17.723644293223728,6.257821179924527,16.0,6.292979726212112,1.607017327419572,1.3647550460855091,0.5710430336686574,9378
7.771727270991687,6.582948728161662,5.13182906655155,53.112952768098594,32.72364429322373,3.7578211799245276,18.0,4.792979726212111,3.9320173274195724,0.7647550460855091,2.821043033668657,9379
15.271727270991688,11.58294872816166,10.13182906655155,38.112952768098594,22.723644293223728,8.757821179924527,13.0,1.7929797262121103,2.382017327419572,1.9647550460855092,1.3210430336686574,9380
17.14672727099169,5.332948728161662,8.88182906655155,49.362952768098594,30.223644293223728,7.507821179924527,12.0,1.0429797262121103,3.5445173274195723,1.064755046085509,3.196043033668657,9381
9.646727270991686,10.33294872816166,3.88182906655155,34.362952768098594,20.223644293223728,2.5078211799245276,17.0,4.042979726212111,1.994517327419572,2.2647550460855093,1.6960430336686574,9382
5.896727270991687,2.8329487281616617,11.381829066551552,26.862952768098598,25.223644293223728,5.007821179924527,20.0,2.5429797262121103,1.219517327419572,0.4647550460855092,2.446043033668657,9383
13.396727270991688,7.832948728161662,6.38182906655155,41.862952768098594,15.223644293223728,10.007821179924527,15.0,5.542979726212111,2.769517327419572,1.6647550460855092,0.9460430336686574,9384
14.334227270991688,5.957948728161662,10.756829066551552,32.487952768098594,16.473644293223728,9.382821179924527,11.0,2.9179797262121103,3.7382673274195724,2.414755046085509,0.7585430336686574,9385
6.834227270991687,10.95794872816166,5.75682906655155,47.487952768098594,26.473644293223728,4.382821179924527,16.0,5.917979726212111,2.188267327419572,1.2147550460855092,2.258543033668657,9386
10.584227270991686,3.4579487281616617,8.25682906655155,39.987952768098594,21.473644293223728,11.882821179924527,19.0,1.4179797262121103,1.4132673274195722,0.6147550460855091,1.5085430336686574,9387
18.08422727099169,8.45794872816166,3.25682906655155,54.987952768098594,31.47364429322373,6.882821179924527,14.0,4.417979726212111,2.963267327419572,1.8147550460855093,3.008543033668657,9388
16.20922727099169,12.20794872816166,7.00682906655155,28.737952768098598,18.97364429322373,8.132821179924527,13.0,5.167979726212111,3.3507673274195726,0.9147550460855092,1.1335430336686574,9389
8.709227270991686,7.207948728161662,12.006829066551552,43.737952768098594,28.973644293223728,3.1328211799245276,18.0,2.1679797262121103,1.800767327419572,2.1147550460855093,2.633543033668657,9390
19.95922727099169,4.707948728161662,4.50682906655155,36.237952768098594,33.97364429322373,5.632821179924527,10.0,3.6679797262121103,4.125767327419572,0.3147550460855092,0.38354303366865733,9391
12.459227270991686,9.70794872816166,9.50682906655155,51.237952768098594,23.973644293223728,10.632821179924527,15.0,6.667979726212112,2.5757673274195723,1.5147550460855093,1.8835430336686574,9392
11.990477270991686,5.020448728161662,6.06932906655155,27.800452768098598,22.098644293223728,2.8203211799245276,16.0,1.9804797262121103,2.285142327419572,2.339755046085509,3.289793033668657,9393
19.49047727099169,10.02044872816166,11.069329066551552,42.800452768098594,32.09864429322373,7.820321179924527,11.0,4.980479726212111,3.8351423274195726,1.1397550460855093,1.7897930336686574,9394
8.240477270991686,2.5204487281616617,3.56932906655155,50.300452768098594,17.098644293223728,10.320321179924527,14.0,6.480479726212112,1.510142327419572,1.7397550460855091,2.539793033668657,9395
15.740477270991688,7.520448728161662,8.56932906655155,35.300452768098594,27.098644293223728,5.320321179924527,19.0,3.4804797262121103,3.0601423274195723,0.5397550460855092,1.0397930336686574,9396
17.61547727099169,3.7704487281616617,12.319329066551552,54.050452768098594,34.59864429322373,4.070321179924527,17.0,5.730479726212111,2.672642327419572,1.4397550460855093,2.164793033668657,9397
10.115477270991686,8.77044872816166,7.31932906655155,39.050452768098594,24.598644293223728,9.070321179924527,12.0,2.7304797262121103,1.122642327419572,0.23975504608550918,0.6647930336686574,9398
6.365477270991687,6.270448728161662,9.81932906655155,46.550452768098594,19.598644293223728,6.570321179924527,15.0,4.230479726212111,1.8976423274195722,2.039755046085509,2.914793033668657,9399
13.865477270991688,11.27044872816166,4.81932906655155,31.550452768098598,29.598644293223728,11.570321179924527,20.0,1.2304797262121103,3.4476423274195724,0.8397550460855091,1.4147930336686574,9400
12.927977270991686,3.1454487281616617,7.94432906655155,37.175452768098594,30.848644293223728,12.195321179924527,17.0,3.8554797262121103,2.866392327419572,2.189755046085509,1.2272930336686574,9401
5.427977270991687,8.14544872816166,2.94432906655155,52.175452768098594,20.848644293223728,7.195321179924527,12.0,6.855479726212112,1.3163923274195721,0.9897550460855091,2.727293033668657,9402
9.177977270991686,5.645448728161662,10.44432906655155,29.675452768098598,25.848644293223728,9.695321179924527,14.0,5.355479726212111,2.0913923274195723,1.5897550460855092,0.47729303366865733,9403
16.67797727099169,10.64544872816166,5.44432906655155,44.675452768098594,15.848644293223728,4.695321179924527,19.0,2.3554797262121103,3.6413923274195725,0.38975504608550915,1.9772930336686574,9404
14.802977270991688,6.895448728161662,4.19432906655155,40.925452768098594,23.348644293223728,5.945321179924527,18.0,6.105479726212112,2.478892327419572,1.2897550460855092,0.8522930336686574,9405
7.302977270991687,11.89544872816166,9.19432906655155,25.925452768098598,33.34864429322373,10.945321179924527,13.0,3.1054797262121103,4.028892327419572,2.4897550460855093,2.352293033668657,9406
18.55297727099169,4.395448728161662,6.69432906655155,33.425452768098594,28.348644293223728,8.445321179924527,16.0,1.6054797262121103,1.703892327419572,1.8897550460855093,1.6022930336686574,9407
11.052977270991686,9.39544872816166,11.694329066551552,48.425452768098594,18.34864429322373,3.4453211799245276,11.0,4.605479726212111,3.2538923274195724,0.6897550460855091,3.102293033668657,9408
10.935789770991686,2.9110737281616617,6.45995406655155,51.941077768098594,17.567394293223728,11.648446179924527,12.0,3.6211047262121103,1.873423577419572,1.8335050460855091,0.5007305336686574,9409
18.43578977099169,7.911073728161662,11.459954066551552,36.941077768098594,27.567394293223728,6.648446179924527,17.0,6.621104726212112,3.4234235774195723,0.6335050460855092,2.000730533668657,9410
7.185789770991687,5.411073728161662,3.95995406655155,44.441077768098594,22.567394293223728,9.148446179924527,20.0,5.121104726212111,2.648423577419572,1.2335050460855093,1.2507305336686574,9411
14.685789770991688,10.41107372816166,8.95995406655155,29.441077768098598,32.56739429322373,4.148446179924527,15.0,2.1211047262121103,4.198423577419573,2.433505046085509,2.750730533668657,9412
16.56078977099169,6.661073728161662,10.20995406655155,25.691077768098598,20.067394293223728,5.398446179924527,11.0,1.3711047262121103,1.485923577419572,1.5335050460855093,1.6257305336686574,9413
9.060789770991686,11.66107372816166,5.20995406655155,40.691077768098594,30.067394293223728,10.398446179924527,16.0,4.371104726212111,3.0359235774195725,0.3335050460855091,3.125730533668657,9414
5.310789770991687,4.161073728161662,7.70995406655155,48.191077768098594,15.067394293223728,7.898446179924527,18.0,2.8711047262121103,2.260923577419572,2.133505046085509,0.8757305336686574,9415
12.810789770991686,9.16107372816166,2.70995406655155,33.191077768098594,25.067394293223728,2.8984461799245276,13.0,5.871104726212111,3.8109235774195724,0.9335050460855091,2.375730533668657,9416
13.748289770991688,4.786073728161662,9.58495406655155,42.566077768098594,26.317394293223728,3.5234461799245276,13.0,2.4961047262121103,1.679673577419572,1.9835050460855093,2.563230533668657,9417
6.248289770991687,9.78607372816166,4.58495406655155,27.566077768098598,16.317394293223728,8.523446179924527,18.0,5.496104726212111,3.2296735774195726,0.7835050460855091,1.0632305336686574,9418
9.998289770991686,12.28607372816166,12.084954066551552,35.066077768098594,31.31739429322373,11.023446179924527,10.0,0.9961047262121104,2.4546735774195723,1.3835050460855092,0.31323053366865733,9419
17.49828977099169,7.286073728161662,7.08495406655155,50.066077768098594,21.317394293223728,6.023446179924527,15.0,3.9961047262121103,4.004673577419572,0.18350504608550916,1.8132305336686574,9420
15.623289770991688,3.5360737281616617,3.33495406655155,38.816077768098594,28.817394293223728,4.773446179924527,11.0,4.746104726212111,2.067173577419572,1.6835050460855092,2.938230533668657,9421
8.123289770991686,8.53607372816166,8.33495406655155,53.816077768098594,18.81739429322373,9.773446179924527,16.0,1.7461047262121103,3.6171735774195724,0.48350504608550915,1.4382305336686574,9422
19.37328977099169,6.036073728161662,5.83495406655155,31.316077768098598,23.817394293223728,7.273446179924527,19.0,3.2461047262121103,2.842173577419572,2.283505046085509,2.188230533668657,9423
11.873289770991686,11.03607372816166,10.834954066551552,46.316077768098594,33.81739429322373,12.273446179924527,14.0,6.246104726212112,1.292173577419572,1.0835050460855091,0.6882305336686574,9424
12.342039770991686,6.348573728161662,4.27245406655155,47.253577768098594,31.94239429322373,10.085946179924527,17.0,1.9336047262121103,1.1952985774195721,0.4085050460855092,1.5319805336686574,9425
19.84203977099169,11.34857372816166,9.27245406655155,32.253577768098594,21.942394293223728,5.085946179924527,12.0,4.933604726212111,2.745298577419572,1.6085050460855093,3.031980533668657,9426
8.592039770991686,3.8485737281616617,6.77245406655155,54.753577768098594,26.942394293223728,2.5859461799245276,15.0,6.433604726212112,3.5202985774195725,1.0085050460855092,0.7819805336686574,9427
16.09203977099169,8.84857372816166,11.772454066551552,39.753577768098594,16.942394293223728,7.585946179924527,20.0,3.4336047262121103,1.970298577419572,2.2085050460855093,2.281980533668657,9428
17.96703977099169,2.5985737281616617,8.02245406655155,43.503577768098594,24.442394293223728,8.835946179924527,16.0,5.683604726212111,3.9077985774195723,0.7085050460855091,0.40698053366865733,9429
10.467039770991686,7.598573728161662,3.02245406655155,28.503577768098598,34.44239429322373,3.8359461799245276,11.0,2.6836047262121103,2.357798577419572,1.908505046085509,1.9069805336686574,9430
6.717039770991687,5.098573728161662,10.522454066551552,51.003577768098594,29.442394293223728,6.335946179924527,14.0,4.183604726212111,3.1327985774195724,0.10850504608550918,1.1569805336686574,9431
14.217039770991688,10.09857372816166,5.52245406655155,36.003577768098594,19.442394293223728,11.335946179924527,19.0,1.1836047262121103,1.582798577419572,1.3085050460855092,2.656980533668657,9432
13.279539770991688,4.473573728161662,11.147454066551552,30.378577768098598,20.692394293223728,10.710946179924527,18.0,4.558604726212111,4.101548577419573,0.5585050460855091,2.844480533668657,9433
5.779539770991687,9.47357372816166,6.14745406655155,45.378577768098594,30.692394293223728,5.710946179924527,13.0,1.5586047262121103,2.551548577419572,1.7585050460855092,1.3444805336686574,9434
9.529539770991686,6.973573728161662,8.64745406655155,37.878577768098594,15.692394293223728,3.2109461799245276,15.0,6.058604726212111,3.3265485774195724,1.1585050460855093,2.094480533668657,9435
17.02953977099169,11.97357372816166,3.64745406655155,52.878577768098594,25.692394293223728,8.210946179924527,10.0,3.0586047262121103,1.7765485774195722,2.3585050460855093,0.5944805336686574,9436
15.154539770991688,5.723573728161662,4.89745406655155,34.128577768098594,33.19239429322373,6.960946179924527,17.0,6.808604726212112,1.389048577419572,0.8585050460855091,2.469480533668657,9437
7.654539770991687,10.72357372816166,9.89745406655155,49.128577768098594,23.192394293223728,11.960946179924527,12.0,3.8086047262121103,2.9390485774195723,2.058505046085509,0.9694805336686574,9438
18.90453977099169,3.2235737281616617,12.397454066551552,41.628577768098594,18.19239429322373,4.460946179924527,14.0,2.3086047262121103,3.7140485774195726,0.25850504608550917,3.219480533668657,9439
11.404539770991686,8.22357372816166,7.39745406655155,26.628577768098598,28.192394293223728,9.460946179924527,19.0,5.308604726212111,2.164048577419572,1.4585050460855091,1.7194805336686574,9440
11.170164770991686,5.254823728161662,11.928704066551552,38.347327768098594,24.129894293223728,8.054696179924527,14.0,1.4648547262121103,3.5687360774195724,1.9460050460855092,1.1101055336686574,9441
18.67016477099169,10.25482372816166,6.92870406655155,53.347327768098594,34.12989429322373,3.0546961799245276,19.0,4.464854726212111,2.018736077419572,0.7460050460855091,2.610105533668657,9442
7.420164770991687,2.7548237281616617,9.42870406655155,30.847327768098598,29.129894293223728,5.554696179924527,17.0,2.9648547262121103,1.243736077419572,1.3460050460855093,1.8601055336686574,9443
14.920164770991688,7.754823728161662,4.42870406655155,45.847327768098594,19.129894293223728,10.554696179924527,12.0,5.964854726212111,2.793736077419572,0.14600504608550918,0.36010553366865733,9444
16.79516477099169,4.004823728161662,5.67870406655155,42.097327768098594,31.62989429322373,9.304696179924527,13.0,3.7148547262121103,3.1812360774195723,1.6460050460855091,1.4851055336686574,9445
9.295164770991686,9.00482372816166,10.678704066551552,27.097327768098598,21.629894293223728,4.304696179924527,18.0,6.714854726212112,1.631236077419572,0.44600504608550917,2.985105533668657,9446
5.545164770991687,6.504823728161662,3.17870406655155,34.597327768098594,26.629894293223728,11.804696179924527,16.0,5.214854726212111,3.9562360774195726,2.246005046085509,0.7351055336686574,9447
13.045164770991688,11.50482372816166,8.17870406655155,49.597327768098594,16.629894293223728,6.804696179924527,11.0,2.2148547262121103,2.406236077419572,1.0460050460855093,2.235105533668657,9448
13.982664770991688,12.12982372816166,3.80370406655155,25.222327768098598,15.379894293223728,7.429696179924527,15.0,4.839854726212111,2.9874860774195726,2.096005046085509,2.047605533668657,9449
6.482664770991687,7.129823728161662,8.80370406655155,40.222327768098594,25.379894293223728,12.429696179924527,10.0,1.8398547262121103,1.4374860774195721,0.8960050460855091,0.5476055336686574,9450
10.232664770991686,4.629823728161662,6.30370406655155,47.722327768098594,20.379894293223728,4.929696179924527,18.0,3.3398547262121103,3.7624860774195725,1.4960050460855092,2.797605533668657,9451
17.73266477099169,9.62982372816166,11.303704066551552,32.722327768098594,30.379894293223728,9.929696179924527,13.0,6.339854726212112,2.2124860774195723,0.29600504608550915,1.2976055336686574,9452
15.857664770991688,5.879823728161662,7.55370406655155,51.472327768098594,22.879894293223728,11.179696179924527,14.0,2.5898547262121103,3.3749860774195724,1.7960050460855093,3.172605533668657,9453
8.357664770991686,10.87982372816166,2.55370406655155,36.472327768098594,32.87989429322373,6.179696179924527,19.0,5.589854726212111,1.824986077419572,0.5960050460855092,1.6726055336686574,9454
19.60766477099169,3.3798237281616617,10.05370406655155,43.972327768098594,17.879894293223728,3.6796961799245276,16.0,1.0898547262121103,4.149986077419572,2.3960050460855093,2.422605533668657,9455
12.107664770991686,8.37982372816166,5.05370406655155,28.972327768098598,27.879894293223728,8.679696179924527,11.0,4.089854726212111,2.599986077419572,1.1960050460855092,0.9226055336686574,9456
11.638914770991686,3.6923237281616617,9.11620406655155,33.659827768098594,18.50489429322373,6.492196179924527,20.0,5.402354726212111,2.890611077419572,0.3710050460855092,1.3913555336686574,9457
19.13891477099169,8.69232372816166,4.11620406655155,48.659827768098594,28.504894293223728,11.492196179924527,15.0,2.4023547262121103,1.340611077419572,1.5710050460855092,2.891355533668657,9458
7.888914770991687,6.192323728161662,11.616204066551552,41.159827768098594,33.50489429322373,8.992196179924527,12.0,3.9023547262121103,2.115611077419572,0.9710050460855091,0.6413555336686574,9459
15.388914770991688,11.19232372816166,6.61620406655155,26.159827768098598,23.504894293223728,3.9921961799245276,17.0,0.9023547262121104,3.6656110774195723,2.1710050460855093,2.141355533668657,9460
17.26391477099169,4.942323728161662,2.86620406655155,29.909827768098598,16.004894293223728,2.7421961799245276,18.0,1.6523547262121103,2.503111077419572,0.6710050460855091,1.0163555336686574,9461
9.763914770991686,9.94232372816166,7.86620406655155,44.909827768098594,26.004894293223728,7.742196179924527,13.0,4.652354726212111,4.053111077419572,1.8710050460855092,2.516355533668657,9462
6.013914770991687,12.44232372816166,5.36620406655155,37.409827768098594,21.004894293223728,10.242196179924527,11.0,6.152354726212112,1.728111077419572,2.471005046085509,1.7663555336686574,9463
13.513914770991688,7.442323728161662,10.36620406655155,52.409827768098594,31.00489429322373,5.242196179924527,16.0,3.1523547262121103,3.2781110774195725,1.2710050460855091,3.266355533668657,9464
12.576414770991686,6.817323728161662,7.24120406655155,43.034827768098594,29.754894293223728,4.617196179924527,10.0,6.527354726212112,2.309361077419572,0.5210050460855091,3.078855533668657,9465
5.076414770991687,11.81732372816166,12.241204066551552,28.034827768098598,19.754894293223728,9.617196179924527,15.0,3.5273547262121103,3.8593610774195724,1.7210050460855093,1.5788555336686574,9466
8.826414770991686,4.317323728161662,4.74120406655155,50.534827768098594,24.754894293223728,7.117196179924527,13.0,2.0273547262121103,1.5343610774195722,1.1210050460855092,2.328855533668657,9467
16.32641477099169,9.31732372816166,9.74120406655155,35.534827768098594,34.75489429322373,12.117196179924527,18.0,5.027354726212111,3.0843610774195724,2.321005046085509,0.8288555336686574,9468
14.451414770991688,3.0673237281616617,10.991204066551552,46.784827768098594,27.254894293223728,3.3671961799245276,19.0,4.277354726212111,2.6968610774195723,0.8210050460855092,1.9538555336686574,9469
6.951414770991687,8.06732372816166,5.99120406655155,31.784827768098598,17.254894293223728,8.367196179924527,14.0,1.2773547262121103,1.146861077419572,2.021005046085509,0.45385553366865733,9470
18.20141477099169,5.567323728161662,8.49120406655155,54.284827768098594,32.25489429322373,10.867196179924527,12.0,5.777354726212111,1.921861077419572,0.22100504608550917,2.703855533668657,9471
10.701414770991686,10.56732372816166,3.49120406655155,39.284827768098594,22.254894293223728,5.867196179924527,17.0,2.7773547262121103,3.4718610774195726,1.4210050460855093,1.2038555336686574,9472
10.730711645991686,5.586854978161662,6.90917281655155,49.890296518098594,26.590831793223728,9.636727429924527,18.0,6.164073476212112,4.083384514919572,1.5381925460855093,1.9831524086686574,9473
18.23071164599169,10.58685497816166,11.909172816551552,34.890296518098594,16.590831793223728,4.636727429924527,13.0,3.1640734762121103,2.533384514919572,0.3381925460855092,0.48315240866865733,9474
6.980711645991687,3.0868549781616617,4.40917281655155,27.390296518098598,31.59083179322373,12.136727429924527,11.0,1.6640734762121103,3.3083845149195725,2.1381925460855093,2.733152408668657,9475
14.480711645991688,8.08685497816166,9.40917281655155,42.390296518098594,21.590831793223728,7.136727429924527,16.0,4.664073476212111,1.758384514919572,0.9381925460855092,1.2331524086686574,9476
16.35571164599169,4.336854978161662,10.659172816551552,46.140296518098594,29.090831793223728,8.386727429924527,19.0,3.9140734762121103,1.370884514919572,1.8381925460855093,3.108152408668657,9477
8.855711645991686,9.33685497816166,5.65917281655155,31.140296518098598,19.090831793223728,3.3867274299245276,14.0,0.9140734762121104,2.920884514919572,0.6381925460855091,1.6081524086686574,9478
5.105711645991687,6.836854978161662,8.15917281655155,53.640296518098594,24.090831793223728,5.886727429924527,12.0,5.414073476212111,3.6958845149195723,1.2381925460855092,2.358152408668657,9479
12.605711645991686,11.83685497816166,3.15917281655155,38.640296518098594,34.09083179322373,10.886727429924527,17.0,2.4140734762121103,2.145884514919572,2.438192546085509,0.8581524086686574,9480
13.543211645991688,12.46185497816166,8.78417281655155,29.265296518098598,17.840831793223728,11.511727429924527,19.0,5.789073476212111,1.177134514919572,1.6881925460855092,1.0456524086686574,9481
6.043211645991687,7.461854978161662,3.78417281655155,44.265296518098594,27.840831793223728,6.511727429924527,14.0,2.7890734762121103,2.7271345149195723,0.4881925460855092,2.545652408668657,9482
9.793211645991686,4.961854978161662,11.284172816551552,36.765296518098594,22.840831793223728,4.011727429924528,11.0,4.289073476212111,3.5021345149195726,2.2881925460855093,1.7956524086686574,9483
17.29321164599169,9.96185497816166,6.28417281655155,51.765296518098594,32.84083179322373,9.011727429924527,16.0,1.2890734762121103,1.952134514919572,1.088192546085509,3.295652408668657,9484
15.418211645991688,6.211854978161662,2.53417281655155,33.015296518098594,20.340831793223728,7.761727429924527,10.0,2.0390734762121103,3.8896345149195724,1.9881925460855092,1.4206524086686574,9485
7.918211645991687,11.21185497816166,7.53417281655155,48.015296518098594,30.340831793223728,2.7617274299245276,15.0,5.039073476212111,2.339634514919572,0.7881925460855091,2.920652408668657,9486
19.16821164599169,3.7118549781616617,5.03417281655155,40.515296518098594,15.340831793223728,5.261727429924527,13.0,6.539073476212112,3.1146345149195724,1.3881925460855091,0.6706524086686574,9487
11.668211645991686,8.71185497816166,10.03417281655155,25.515296518098598,25.340831793223728,10.261727429924527,18.0,3.5390734762121103,1.5646345149195722,0.18819254608550917,2.170652408668657,9488
12.136961645991686,3.3993549781616617,4.09667281655155,52.702796518098594,20.965831793223728,12.449227429924527,14.0,5.226573476212111,1.661509514919572,0.7131925460855091,3.014402408668657,9489
19.63696164599169,8.39935497816166,9.09667281655155,37.702796518098594,30.965831793223728,7.449227429924527,19.0,2.2265734762121103,3.2115095149195723,1.9131925460855093,1.5144024086686574,9490
8.386961645991686,5.899354978161662,6.59667281655155,45.202796518098594,15.965831793223728,9.949227429924527,16.0,3.7265734762121103,2.436509514919572,0.11319254608550917,2.264402408668657,9491
15.886961645991688,10.89935497816166,11.596672816551552,30.202796518098598,25.965831793223728,4.949227429924527,11.0,6.726573476212112,3.9865095149195726,1.3131925460855092,0.7644024086686574,9492
17.76196164599169,4.649354978161662,7.84667281655155,26.452796518098598,33.46583179322373,6.199227429924527,15.0,2.9765734762121103,2.049009514919572,0.41319254608550915,1.8894024086686574,9493
10.261961645991686,9.64935497816166,2.84667281655155,41.452796518098594,23.465831793223728,11.199227429924527,20.0,5.976573476212111,3.5990095149195724,1.6131925460855092,0.38940240866865733,9494
6.511961645991687,12.14935497816166,10.34667281655155,48.952796518098594,18.46583179322373,8.699227429924527,17.0,1.4765734762121103,2.824009514919572,1.0131925460855091,2.639402408668657,9495
14.011961645991688,7.149354978161662,5.34667281655155,33.952796518098594,28.465831793223728,3.6992274299245276,12.0,4.476573476212111,1.274009514919572,2.213192546085509,1.1394024086686574,9496
13.074461645991688,6.524354978161662,12.221672816551552,39.577796518098594,32.21583179322373,3.0742274299245276,14.0,1.1015734762121103,1.855259514919572,0.8631925460855091,1.3269024086686574,9497
5.574461645991687,11.52435497816166,7.22167281655155,54.577796518098594,22.215831793223728,8.074227429924527,19.0,4.101573476212111,3.4052595149195724,2.063192546085509,2.826902408668657,9498
9.324461645991686,4.024354978161662,9.72167281655155,32.077796518098594,27.215831793223728,10.574227429924527,17.0,2.6015734762121103,2.630259514919572,0.2631925460855092,0.5769024086686574,9499
16.82446164599169,9.02435497816166,4.72167281655155,47.077796518098594,17.215831793223728,5.574227429924527,12.0,5.601573476212111,4.180259514919572,1.4631925460855093,2.076902408668657,9500
